"../../../Engine/Content/EditorResources/S_Actor.ubulk" 0
"../../../Engine/Content/EditorResources/S_Actor.uasset" 1
"../../../Engine/Content/EditorResources/S_Actor.uexp" 2
"../../../Engine/Content/EditorResources/S_BoxReflectionCapture.uasset" 3
"../../../Engine/Content/EditorResources/S_BoxReflectionCapture.uexp" 4
"../../../Engine/Content/EngineResources/DefaultTexture.ubulk" 5
"../../../Engine/Content/EngineResources/DefaultTexture.uasset" 6
"../../../Engine/Content/EngineResources/DefaultTexture.uexp" 7
"../../../Engine/Content/EngineResources/DefaultTextureCube.uasset" 8
"../../../Engine/Content/EngineResources/DefaultTextureCube.uexp" 9
"../../../Engine/Content/EngineResources/DefaultVolumeTexture2D.uasset" 10
"../../../Engine/Content/EngineResources/DefaultVolumeTexture2D.uexp" 11
"../../../Engine/Content/EngineResources/DefaultVolumeTexture.uasset" 12
"../../../Engine/Content/EngineResources/DefaultVolumeTexture.uexp" 13
"../../../Engine/Content/EditorResources/S_Trigger.ubulk" 14
"../../../Engine/Content/EditorResources/S_Trigger.uasset" 15
"../../../Engine/Content/EditorResources/S_Trigger.uexp" 16
"../../../Engine/Content/EditorResources/S_TriggerBox.uasset" 17
"../../../Engine/Content/EditorResources/S_TriggerBox.uexp" 18
"../../../Engine/Content/EditorResources/S_TriggerCapsule.uasset" 19
"../../../Engine/Content/EditorResources/S_TriggerCapsule.uexp" 20
"../../../Engine/Content/EditorResources/S_TriggerSphere.uasset" 21
"../../../Engine/Content/EditorResources/S_TriggerSphere.uexp" 22
"../../../Engine/Content/EngineMeshes/Sphere.ubulk" 23
"../../../Engine/Content/EngineMeshes/Sphere.uasset" 24
"../../../Engine/Content/EngineMeshes/Sphere.uexp" 25
"../../../Engine/Content/EngineResources/GradientTexture0.uasset" 26
"../../../Engine/Content/EngineResources/GradientTexture0.uexp" 27
"../../../Engine/Content/EngineResources/Black.uasset" 28
"../../../Engine/Content/EngineResources/Black.uexp" 29
"../../../Engine/Content/VREditor/LaserPointer/VR_LaserPower_01.ubulk" 30
"../../../Engine/Content/VREditor/LaserPointer/VR_LaserPower_01.uasset" 31
"../../../Engine/Content/VREditor/LaserPointer/VR_LaserPower_01.uexp" 32
"../../../Engine/Content/VREditor/TransformGizmo/TransformGizmoMaterial.uasset" 33
"../../../Engine/Content/VREditor/TransformGizmo/TransformGizmoMaterial.uexp" 34
"../../../Engine/Content/VREditor/TransformGizmo/TranslucentTransformGizmoMaterial.uasset" 35
"../../../Engine/Content/VREditor/TransformGizmo/TranslucentTransformGizmoMaterial.uexp" 36
"../../../Engine/Content/VREditor/TransformGizmo/BoundingBoxCorner.ubulk" 37
"../../../Engine/Content/VREditor/TransformGizmo/BoundingBoxCorner.uasset" 38
"../../../Engine/Content/VREditor/TransformGizmo/BoundingBoxCorner.uexp" 39
"../../../Engine/Content/VREditor/TransformGizmo/BoundingBoxEdge.ubulk" 40
"../../../Engine/Content/VREditor/TransformGizmo/BoundingBoxEdge.uasset" 41
"../../../Engine/Content/VREditor/TransformGizmo/BoundingBoxEdge.uexp" 42
"../../../Engine/Content/VREditor/TransformGizmo/Main.uasset" 43
"../../../Engine/Content/VREditor/TransformGizmo/Main.uexp" 44
"../../../Engine/Content/VREditor/TransformGizmo/Xray.uasset" 45
"../../../Engine/Content/VREditor/TransformGizmo/Xray.uexp" 46
"../../../Engine/Content/VREditor/TransformGizmo/SM_Sequencer_Node.ubulk" 47
"../../../Engine/Content/VREditor/TransformGizmo/SM_Sequencer_Node.uasset" 48
"../../../Engine/Content/VREditor/TransformGizmo/SM_Sequencer_Node.uexp" 49
"../../../Engine/Content/EditorResources/S_Solver.ubulk" 50
"../../../Engine/Content/EditorResources/S_Solver.uasset" 51
"../../../Engine/Content/EditorResources/S_Solver.uexp" 52
"../../../Engine/Content/EditorMaterials/Camera/CineMat.uasset" 53
"../../../Engine/Content/EditorMaterials/Camera/CineMat.uexp" 54
"../../../Engine/Content/EditorMaterials/Camera/MI_CineMat_Rig.uasset" 55
"../../../Engine/Content/EditorMaterials/Camera/MI_CineMat_Rig.uexp" 56
"../../../Engine/Content/EditorMeshes/Camera/SM_CraneRig_Base.ubulk" 57
"../../../Engine/Content/EditorMeshes/Camera/SM_CraneRig_Base.uasset" 58
"../../../Engine/Content/EditorMeshes/Camera/SM_CraneRig_Base.uexp" 59
"../../../Engine/Content/EditorMeshes/Camera/SM_CraneRig_Arm.ubulk" 60
"../../../Engine/Content/EditorMeshes/Camera/SM_CraneRig_Arm.uasset" 61
"../../../Engine/Content/EditorMeshes/Camera/SM_CraneRig_Arm.uexp" 62
"../../../Engine/Content/EditorMeshes/Camera/SM_CraneRig_Mount.ubulk" 63
"../../../Engine/Content/EditorMeshes/Camera/SM_CraneRig_Mount.uasset" 64
"../../../Engine/Content/EditorMeshes/Camera/SM_CraneRig_Mount.uexp" 65
"../../../Engine/Content/EditorMeshes/Camera/SM_CraneRig_Body.ubulk" 66
"../../../Engine/Content/EditorMeshes/Camera/SM_CraneRig_Body.uasset" 67
"../../../Engine/Content/EditorMeshes/Camera/SM_CraneRig_Body.uexp" 68
"../../../Engine/Content/EditorMeshes/Camera/SM_RailRig_Track.ubulk" 69
"../../../Engine/Content/EditorMeshes/Camera/SM_RailRig_Track.uasset" 70
"../../../Engine/Content/EditorMeshes/Camera/SM_RailRig_Track.uexp" 71
"../../../Engine/Content/EditorMeshes/Camera/SM_RailRig_Mount.ubulk" 72
"../../../Engine/Content/EditorMeshes/Camera/SM_RailRig_Mount.uasset" 73
"../../../Engine/Content/EditorMeshes/Camera/SM_RailRig_Mount.uexp" 74
"../../../Engine/Content/EngineMaterials/T_Default_Material_Grid_M.ubulk" 75
"../../../Engine/Content/EngineMaterials/T_Default_Material_Grid_M.uasset" 76
"../../../Engine/Content/EngineMaterials/T_Default_Material_Grid_M.uexp" 77
"../../../Engine/Content/EngineMaterials/T_Default_Material_Grid_N.ubulk" 78
"../../../Engine/Content/EngineMaterials/T_Default_Material_Grid_N.uasset" 79
"../../../Engine/Content/EngineMaterials/T_Default_Material_Grid_N.uexp" 80
"../../../Engine/Content/Functions/Engine_MaterialFunctions01/Opacity/CameraDepthFade.uasset" 81
"../../../Engine/Content/Functions/Engine_MaterialFunctions01/Opacity/CameraDepthFade.uexp" 82
"../../../Engine/Content/EngineMaterials/WorldGridMaterial.uasset" 83
"../../../Engine/Content/EngineMaterials/WorldGridMaterial.uexp" 84
"../../../Engine/Content/ArtTools/RenderToTexture/Meshes/S_1_Unit_Plane.ubulk" 85
"../../../Engine/Content/ArtTools/RenderToTexture/Meshes/S_1_Unit_Plane.uasset" 86
"../../../Engine/Content/ArtTools/RenderToTexture/Meshes/S_1_Unit_Plane.uexp" 87
"../../../Engine/Content/EditorMaterials/ParticleSystems/PSysThumbnail_NoImage.ubulk" 88
"../../../Engine/Content/EditorMaterials/ParticleSystems/PSysThumbnail_NoImage.uasset" 89
"../../../Engine/Content/EditorMaterials/ParticleSystems/PSysThumbnail_NoImage.uexp" 90
"../../../Engine/Content/EditorMaterials/ParticleSystems/PSysThumbnail_OOD.ubulk" 91
"../../../Engine/Content/EditorMaterials/ParticleSystems/PSysThumbnail_OOD.uasset" 92
"../../../Engine/Content/EditorMaterials/ParticleSystems/PSysThumbnail_OOD.uexp" 93
"../../../Engine/Content/EditorLandscapeResources/SplineEditorMeshMat.uasset" 94
"../../../Engine/Content/EditorLandscapeResources/SplineEditorMeshMat.uexp" 95
"../../../Engine/Content/EditorLandscapeResources/SplineEditorMesh.ubulk" 96
"../../../Engine/Content/EditorLandscapeResources/SplineEditorMesh.uasset" 97
"../../../Engine/Content/EditorLandscapeResources/SplineEditorMesh.uexp" 98
"../../../Engine/Plugins/Media/MediaPlate/Content/SM_MediaPlateScreen.ubulk" 99
"../../../Engine/Plugins/Media/MediaPlate/Content/SM_MediaPlateScreen.uasset" 100
"../../../Engine/Plugins/Media/MediaPlate/Content/SM_MediaPlateScreen.uexp" 101
"../../../Engine/Content/EngineMaterials/DefaultBokeh.uasset" 102
"../../../Engine/Content/EngineMaterials/DefaultBokeh.uexp" 103
"../../../Engine/Content/EngineMaterials/MiniFont.uasset" 104
"../../../Engine/Content/EngineMaterials/MiniFont.uexp" 105
"../../../Engine/Content/EngineMaterials/WeightMapPlaceholderTexture.uasset" 106
"../../../Engine/Content/EngineMaterials/WeightMapPlaceholderTexture.uexp" 107
"../../../Engine/Content/EngineMaterials/WeightMapArrayPlaceholderTexture.uasset" 108
"../../../Engine/Content/EngineMaterials/WeightMapArrayPlaceholderTexture.uexp" 109
"../../../Engine/Content/EngineMaterials/DefaultWhiteGrid.ubulk" 110
"../../../Engine/Content/EngineMaterials/DefaultWhiteGrid.uasset" 111
"../../../Engine/Content/EngineMaterials/DefaultWhiteGrid.uexp" 112
"../../../Engine/Content/EngineMaterials/PreintegratedSkinBRDF.uasset" 113
"../../../Engine/Content/EngineMaterials/PreintegratedSkinBRDF.uexp" 114
"../../../Engine/Content/Functions/Engine_MaterialFunctions02/WorldPositionOffset/CameraOffset.uasset" 115
"../../../Engine/Content/Functions/Engine_MaterialFunctions02/WorldPositionOffset/CameraOffset.uexp" 116
"../../../Engine/Plugins/Animation/ControlRig/Content/M_Manip.uasset" 117
"../../../Engine/Plugins/Animation/ControlRig/Content/M_Manip.uexp" 118
"../../../Engine/Plugins/Animation/ACLPlugin/Content/ACLAnimCurveCompressionSettings.uasset" 119
"../../../Engine/Plugins/Animation/ACLPlugin/Content/ACLAnimCurveCompressionSettings.uexp" 120
"../../../Engine/Plugins/Animation/ACLPlugin/Content/ACLAnimBoneCompressionSettings.uasset" 121
"../../../Engine/Plugins/Animation/ACLPlugin/Content/ACLAnimBoneCompressionSettings.uexp" 122
"../../../Engine/Plugins/2D/Paper2D/Content/PlaceholderTextures/DummySpriteTexture.ubulk" 123
"../../../Engine/Plugins/2D/Paper2D/Content/PlaceholderTextures/DummySpriteTexture.uasset" 124
"../../../Engine/Plugins/2D/Paper2D/Content/PlaceholderTextures/DummySpriteTexture.uexp" 125
"../../../Engine/Plugins/2D/Paper2D/Content/DefaultSpriteMaterial.uasset" 126
"../../../Engine/Plugins/2D/Paper2D/Content/DefaultSpriteMaterial.uexp" 127
"../../../Engine/Plugins/2D/Paper2D/Content/OpaqueUnlitSpriteMaterial.uasset" 128
"../../../Engine/Plugins/2D/Paper2D/Content/OpaqueUnlitSpriteMaterial.uexp" 129
"../../../Engine/Plugins/2D/Paper2D/Content/MaskedUnlitSpriteMaterial.uasset" 130
"../../../Engine/Plugins/2D/Paper2D/Content/MaskedUnlitSpriteMaterial.uexp" 131
"../../../Engine/Plugins/2D/Paper2D/Content/DummySprite.uasset" 132
"../../../Engine/Plugins/2D/Paper2D/Content/DummySprite.uexp" 133
"../../../Engine/Plugins/2D/Paper2D/Content/DefaultPaperTerrainMaterial.uasset" 134
"../../../Engine/Plugins/2D/Paper2D/Content/DefaultPaperTerrainMaterial.uexp" 135
"../../../Engine/Plugins/Runtime/MeshModelingToolset/Content/Materials/M_DynamicMeshComponentVtxColor.uasset" 136
"../../../Engine/Plugins/Runtime/MeshModelingToolset/Content/Materials/M_DynamicMeshComponentVtxColor.uexp" 137
"../../../Engine/Plugins/Interchange/Runtime/Content/Pipelines/DefaultTexturePipeline.uasset" 138
"../../../Engine/Plugins/Interchange/Runtime/Content/Pipelines/DefaultTexturePipeline.uexp" 139
"../../../Engine/Plugins/Interchange/Runtime/Content/Pipelines/DefaultSceneLevelPipeline.uasset" 140
"../../../Engine/Plugins/Interchange/Runtime/Content/Pipelines/DefaultSceneLevelPipeline.uexp" 141
"../../../Engine/Plugins/Interchange/Runtime/Content/Pipelines/DefaultSceneAssetsPipeline.uasset" 142
"../../../Engine/Plugins/Interchange/Runtime/Content/Pipelines/DefaultSceneAssetsPipeline.uexp" 143
"../../../Engine/Plugins/Interchange/Runtime/Content/Pipelines/DefaultMaterialXPipeline.uasset" 144
"../../../Engine/Plugins/Interchange/Runtime/Content/Pipelines/DefaultMaterialXPipeline.uexp" 145
"../../../Engine/Plugins/Interchange/Runtime/Content/Pipelines/DefaultMaterialPipeline.uasset" 146
"../../../Engine/Plugins/Interchange/Runtime/Content/Pipelines/DefaultMaterialPipeline.uexp" 147
"../../../Engine/Plugins/Interchange/Runtime/Content/Pipelines/DefaultGLTFSceneAssetsPipeline.uasset" 148
"../../../Engine/Plugins/Interchange/Runtime/Content/Pipelines/DefaultGLTFSceneAssetsPipeline.uexp" 149
"../../../Engine/Plugins/Interchange/Runtime/Content/Pipelines/DefaultGLTFPipeline.uasset" 150
"../../../Engine/Plugins/Interchange/Runtime/Content/Pipelines/DefaultGLTFPipeline.uexp" 151
"../../../Engine/Plugins/Interchange/Runtime/Content/Pipelines/DefaultGLTFAssetsPipeline.uasset" 152
"../../../Engine/Plugins/Interchange/Runtime/Content/Pipelines/DefaultGLTFAssetsPipeline.uexp" 153
"../../../Engine/Plugins/Interchange/Runtime/Content/Pipelines/DefaultAssetsPipeline.uasset" 154
"../../../Engine/Plugins/Interchange/Runtime/Content/Pipelines/DefaultAssetsPipeline.uexp" 155
"../../../Engine/Plugins/Interchange/Runtime/Content/Functions/MX_UsdPreviewSurface.uasset" 156
"../../../Engine/Plugins/Interchange/Runtime/Content/Functions/MX_UsdPreviewSurface.uexp" 157
"../../../Engine/Plugins/Interchange/Runtime/Content/Functions/MX_UniformEDF.uasset" 158
"../../../Engine/Plugins/Interchange/Runtime/Content/Functions/MX_UniformEDF.uexp" 159
"../../../Engine/Plugins/Interchange/Runtime/Content/Functions/MX_TranslucentBSDF.uasset" 160
"../../../Engine/Plugins/Interchange/Runtime/Content/Functions/MX_TranslucentBSDF.uexp" 161
"../../../Engine/Plugins/Interchange/Runtime/Content/Functions/MX_ThinFilmBSDF.uasset" 162
"../../../Engine/Plugins/Interchange/Runtime/Content/Functions/MX_ThinFilmBSDF.uexp" 163
"../../../Engine/Plugins/Interchange/Runtime/Content/Functions/MX_SurfaceUnlit.uasset" 164
"../../../Engine/Plugins/Interchange/Runtime/Content/Functions/MX_SurfaceUnlit.uexp" 165
"../../../Engine/Plugins/Interchange/Runtime/Content/Functions/MX_Surface.uasset" 166
"../../../Engine/Plugins/Interchange/Runtime/Content/Functions/MX_Surface.uexp" 167
"../../../Engine/Plugins/Interchange/Runtime/Content/Functions/MX_SubsurfaceBSDF.uasset" 168
"../../../Engine/Plugins/Interchange/Runtime/Content/Functions/MX_SubsurfaceBSDF.uexp" 169
"../../../Engine/Plugins/Interchange/Runtime/Content/Functions/MX_SheenBSDF.uasset" 170
"../../../Engine/Plugins/Interchange/Runtime/Content/Functions/MX_SheenBSDF.uexp" 171
"../../../Engine/Plugins/Interchange/Runtime/Content/Functions/MX_OrenNayarBSDF.uasset" 172
"../../../Engine/Plugins/Interchange/Runtime/Content/Functions/MX_OrenNayarBSDF.uexp" 173
"../../../Engine/Content/Functions/Engine_MaterialFunctions02/Utility/CameraDirectionVector.uasset" 174
"../../../Engine/Content/Functions/Engine_MaterialFunctions02/Utility/CameraDirectionVector.uexp" 175
"../../../Engine/Content/Functions/Engine_MaterialFunctions01/Volumetrics/BeersLaw.uasset" 176
"../../../Engine/Content/Functions/Engine_MaterialFunctions01/Volumetrics/BeersLaw.uexp" 177
"../../../Engine/Content/EngineMaterials/Good64x64TilingNoiseHighFreq.uasset" 178
"../../../Engine/Content/EngineMaterials/Good64x64TilingNoiseHighFreq.uexp" 179
"../../../Engine/Content/Functions/Engine_MaterialFunctions02/Texturing/ScreenAlignedPixelToPixelUVs.uasset" 180
"../../../Engine/Content/Functions/Engine_MaterialFunctions02/Texturing/ScreenAlignedPixelToPixelUVs.uexp" 181
"../../../Engine/Plugins/Interchange/Runtime/Content/gltf/MaterialFunctions/MF_Temporal_Blur.uasset" 182
"../../../Engine/Plugins/Interchange/Runtime/Content/gltf/MaterialFunctions/MF_Temporal_Blur.uexp" 183
"../../../Engine/Plugins/Interchange/Runtime/Content/gltf/MaterialFunctions/MF_Fresnel_DS.uasset" 184
"../../../Engine/Plugins/Interchange/Runtime/Content/gltf/MaterialFunctions/MF_Fresnel_DS.uexp" 185
"../../../Engine/Content/Functions/Engine_MaterialFunctions02/Utility/BreakOutFloat3Components.uasset" 186
"../../../Engine/Content/Functions/Engine_MaterialFunctions02/Utility/BreakOutFloat3Components.uexp" 187
"../../../Engine/Plugins/Interchange/Runtime/Content/Functions/MX_Transmission.uasset" 188
"../../../Engine/Plugins/Interchange/Runtime/Content/Functions/MX_Transmission.uexp" 189
"../../../Engine/Plugins/Interchange/Runtime/Content/Functions/MF_OrenNayerView.uasset" 190
"../../../Engine/Plugins/Interchange/Runtime/Content/Functions/MF_OrenNayerView.uexp" 191
"../../../Engine/Plugins/Interchange/Runtime/Content/Functions/MF_SchlickApprox.uasset" 192
"../../../Engine/Plugins/Interchange/Runtime/Content/Functions/MF_SchlickApprox.uexp" 193
"../../../Engine/Plugins/Interchange/Runtime/Content/Utilities/New_LUT.uasset" 194
"../../../Engine/Plugins/Interchange/Runtime/Content/Utilities/New_LUT.uexp" 195
"../../../Engine/Content/Functions/Engine_MaterialFunctions03/Math/RemapValueRange.uasset" 196
"../../../Engine/Content/Functions/Engine_MaterialFunctions03/Math/RemapValueRange.uexp" 197
"../../../Engine/Plugins/Interchange/Runtime/Content/Functions/MF_Iridescence.uasset" 198
"../../../Engine/Plugins/Interchange/Runtime/Content/Functions/MF_Iridescence.uexp" 199
"../../../Engine/Plugins/Interchange/Runtime/Content/Functions/MX_StandardSurface.uasset" 200
"../../../Engine/Plugins/Interchange/Runtime/Content/Functions/MX_StandardSurface.uexp" 201
"../../../Engine/Plugins/Interchange/Runtime/Content/Functions/MX_TransmissionSurface.uasset" 202
"../../../Engine/Plugins/Interchange/Runtime/Content/Functions/MX_TransmissionSurface.uexp" 203
"../../../Engine/Plugins/Interchange/Runtime/Content/Functions/MX_OpenPBR_Translucent.uasset" 204
"../../../Engine/Plugins/Interchange/Runtime/Content/Functions/MX_OpenPBR_Translucent.uexp" 205
"../../../Engine/Plugins/Interchange/Runtime/Content/Functions/MX_OpenPBR_Opaque.uasset" 206
"../../../Engine/Plugins/Interchange/Runtime/Content/Functions/MX_OpenPBR_Opaque.uexp" 207
"../../../Engine/Plugins/Interchange/Runtime/Content/Functions/MX_MeasuredEDF.uasset" 208
"../../../Engine/Plugins/Interchange/Runtime/Content/Functions/MX_MeasuredEDF.uexp" 209
"../../../Engine/Plugins/Interchange/Runtime/Content/Functions/MX_GeneralizedSchlickBSDF.uasset" 210
"../../../Engine/Plugins/Interchange/Runtime/Content/Functions/MX_GeneralizedSchlickBSDF.uexp" 211
"../../../Engine/Plugins/Interchange/Runtime/Content/Functions/MX_DielectricBSDF.uasset" 212
"../../../Engine/Plugins/Interchange/Runtime/Content/Functions/MX_DielectricBSDF.uexp" 213
"../../../Engine/Plugins/Interchange/Runtime/Content/Functions/MX_ConicalEDF.uasset" 214
"../../../Engine/Plugins/Interchange/Runtime/Content/Functions/MX_ConicalEDF.uexp" 215
"../../../Engine/Plugins/Interchange/Runtime/Content/Functions/MX_ConductorBSDF.uasset" 216
"../../../Engine/Plugins/Interchange/Runtime/Content/Functions/MX_ConductorBSDF.uexp" 217
"../../../Engine/Plugins/Interchange/Runtime/Content/Functions/MX_BurleyDiffuseBSDF.uasset" 218
"../../../Engine/Plugins/Interchange/Runtime/Content/Functions/MX_BurleyDiffuseBSDF.uexp" 219
"../../../Engine/Plugins/Interchange/Runtime/Content/Functions/MX_AnisotropicVDF.uasset" 220
"../../../Engine/Plugins/Interchange/Runtime/Content/Functions/MX_AnisotropicVDF.uexp" 221
"../../../Engine/Plugins/Interchange/Runtime/Content/Functions/MX_AbsorptionVDF.uasset" 222
"../../../Engine/Plugins/Interchange/Runtime/Content/Functions/MX_AbsorptionVDF.uexp" 223
"../../../Engine/Plugins/Editor/SpeedTreeImporter/Content/SpeedTree9/game_wind_noise.ubulk" 224
"../../../Engine/Plugins/Editor/SpeedTreeImporter/Content/SpeedTree9/game_wind_noise.uasset" 225
"../../../Engine/Plugins/Editor/SpeedTreeImporter/Content/SpeedTree9/game_wind_noise.uexp" 226
"../../../Engine/Plugins/Editor/SpeedTreeImporter/Content/SpeedTree9/UnpackDirection.uasset" 227
"../../../Engine/Plugins/Editor/SpeedTreeImporter/Content/SpeedTree9/UnpackDirection.uexp" 228
"../../../Engine/Content/Functions/Engine_MaterialFunctions02/ObjectLocalBounds.uasset" 229
"../../../Engine/Content/Functions/Engine_MaterialFunctions02/ObjectLocalBounds.uexp" 230
"../../../Engine/Content/Functions/Engine_MaterialFunctions02/UVs/BoundingBoxBased_0-1_UVW.uasset" 231
"../../../Engine/Content/Functions/Engine_MaterialFunctions02/UVs/BoundingBoxBased_0-1_UVW.uexp" 232
"../../../Engine/Content/Functions/Engine_MaterialFunctions02/Utility/VectorLength.uasset" 233
"../../../Engine/Content/Functions/Engine_MaterialFunctions02/Utility/VectorLength.uexp" 234
"../../../Engine/Plugins/Editor/SpeedTreeImporter/Content/SpeedTree9/UnpackInteger3.uasset" 235
"../../../Engine/Plugins/Editor/SpeedTreeImporter/Content/SpeedTree9/UnpackInteger3.uexp" 236
"../../../Engine/Plugins/Editor/SpeedTreeImporter/Content/SpeedTree9/SpeedTreeCameraFacing.uasset" 237
"../../../Engine/Plugins/Editor/SpeedTreeImporter/Content/SpeedTree9/SpeedTreeCameraFacing.uexp" 238
"../../../Engine/Content/Functions/Engine_MaterialFunctions02/WorldPositionOffset/ObjectScale.uasset" 239
"../../../Engine/Content/Functions/Engine_MaterialFunctions02/WorldPositionOffset/ObjectScale.uexp" 240
"../../../Engine/Content/Functions/Engine_MaterialFunctions02/SafeNormalize.uasset" 241
"../../../Engine/Content/Functions/Engine_MaterialFunctions02/SafeNormalize.uexp" 242
"../../../Engine/Plugins/Editor/SpeedTreeImporter/Content/SpeedTree9/SpeedTreeWindMotion.uasset" 243
"../../../Engine/Plugins/Editor/SpeedTreeImporter/Content/SpeedTree9/SpeedTreeWindMotion.uexp" 244
"../../../Engine/Plugins/Editor/SpeedTreeImporter/Content/SpeedTree9/SpeedTreeBranchMotion.uasset" 245
"../../../Engine/Plugins/Editor/SpeedTreeImporter/Content/SpeedTree9/SpeedTreeBranchMotion.uexp" 246
"../../../Engine/Plugins/Editor/SpeedTreeImporter/Content/SpeedTree9/SpeedTreeWind.uasset" 247
"../../../Engine/Plugins/Editor/SpeedTreeImporter/Content/SpeedTree9/SpeedTreeWind.uexp" 248
"../../../Engine/Plugins/Editor/SpeedTreeImporter/Content/SpeedTree9/EmptyNormal.uasset" 249
"../../../Engine/Plugins/Editor/SpeedTreeImporter/Content/SpeedTree9/EmptyNormal.uexp" 250
"../../../Engine/Plugins/Editor/SpeedTreeImporter/Content/SpeedTree9/Empty.uasset" 251
"../../../Engine/Plugins/Editor/SpeedTreeImporter/Content/SpeedTree9/Empty.uexp" 252
"../../../Engine/Plugins/Editor/SpeedTreeImporter/Content/SpeedTree9/SpeedTreeMaster.uasset" 253
"../../../Engine/Plugins/Editor/SpeedTreeImporter/Content/SpeedTree9/SpeedTreeMaster.uexp" 254
"../../../Engine/Plugins/Editor/SpeedTreeImporter/Content/SpeedTree9/SpeedTreeBillboard.uasset" 255
"../../../Engine/Plugins/Editor/SpeedTreeImporter/Content/SpeedTree9/SpeedTreeBillboard.uexp" 256
"../../../Engine/Plugins/Editor/SpeedTreeImporter/Content/SpeedTree9/SpeedTreeBillboardMaster.uasset" 257
"../../../Engine/Plugins/Editor/SpeedTreeImporter/Content/SpeedTree9/SpeedTreeBillboardMaster.uexp" 258
"../../../Engine/Plugins/Animation/ControlRig/Content/Controls/ControlRig_Wedge_solid.ubulk" 259
"../../../Engine/Plugins/Animation/ControlRig/Content/Controls/ControlRig_Wedge_solid.uasset" 260
"../../../Engine/Plugins/Animation/ControlRig/Content/Controls/ControlRig_Wedge_solid.uexp" 261
"../../../Engine/Plugins/Animation/ControlRig/Content/Controls/ControlRig_Wedge_3mm.ubulk" 262
"../../../Engine/Plugins/Animation/ControlRig/Content/Controls/ControlRig_Wedge_3mm.uasset" 263
"../../../Engine/Plugins/Animation/ControlRig/Content/Controls/ControlRig_Wedge_3mm.uexp" 264
"../../../Engine/Plugins/Animation/ControlRig/Content/Controls/ControlRig_Wedge_1mm.ubulk" 265
"../../../Engine/Plugins/Animation/ControlRig/Content/Controls/ControlRig_Wedge_1mm.uasset" 266
"../../../Engine/Plugins/Animation/ControlRig/Content/Controls/ControlRig_Wedge_1mm.uexp" 267
"../../../Engine/Plugins/Animation/ControlRig/Content/Controls/ControlRig_Triangle_solid.ubulk" 268
"../../../Engine/Plugins/Animation/ControlRig/Content/Controls/ControlRig_Triangle_solid.uasset" 269
"../../../Engine/Plugins/Animation/ControlRig/Content/Controls/ControlRig_Triangle_solid.uexp" 270
"../../../Engine/Plugins/Animation/ControlRig/Content/Controls/ControlRig_Triangle_3mm.ubulk" 271
"../../../Engine/Plugins/Animation/ControlRig/Content/Controls/ControlRig_Triangle_3mm.uasset" 272
"../../../Engine/Plugins/Animation/ControlRig/Content/Controls/ControlRig_Triangle_3mm.uexp" 273
"../../../Engine/Plugins/Animation/ControlRig/Content/Controls/ControlRig_Triangle_1mm.ubulk" 274
"../../../Engine/Plugins/Animation/ControlRig/Content/Controls/ControlRig_Triangle_1mm.uasset" 275
"../../../Engine/Plugins/Animation/ControlRig/Content/Controls/ControlRig_Triangle_1mm.uexp" 276
"../../../Engine/Plugins/Animation/ControlRig/Content/Controls/ControlRig_Star4_solid.ubulk" 277
"../../../Engine/Plugins/Animation/ControlRig/Content/Controls/ControlRig_Star4_solid.uasset" 278
"../../../Engine/Plugins/Animation/ControlRig/Content/Controls/ControlRig_Star4_solid.uexp" 279
"../../../Engine/Plugins/Animation/ControlRig/Content/Controls/ControlRig_Star4_3mm.ubulk" 280
"../../../Engine/Plugins/Animation/ControlRig/Content/Controls/ControlRig_Star4_3mm.uasset" 281
"../../../Engine/Plugins/Animation/ControlRig/Content/Controls/ControlRig_Star4_3mm.uexp" 282
"../../../Engine/Plugins/Animation/ControlRig/Content/Controls/ControlRig_Star4_1mm.ubulk" 283
"../../../Engine/Plugins/Animation/ControlRig/Content/Controls/ControlRig_Star4_1mm.uasset" 284
"../../../Engine/Plugins/Animation/ControlRig/Content/Controls/ControlRig_Star4_1mm.uexp" 285
"../../../Engine/Plugins/Animation/ControlRig/Content/Controls/ControlRig_Square_solid.ubulk" 286
"../../../Engine/Plugins/Animation/ControlRig/Content/Controls/ControlRig_Square_solid.uasset" 287
"../../../Engine/Plugins/Animation/ControlRig/Content/Controls/ControlRig_Square_solid.uexp" 288
"../../../Engine/Plugins/Animation/ControlRig/Content/Controls/ControlRig_Square_3mm.ubulk" 289
"../../../Engine/Plugins/Animation/ControlRig/Content/Controls/ControlRig_Square_3mm.uasset" 290
"../../../Engine/Plugins/Animation/ControlRig/Content/Controls/ControlRig_Square_3mm.uexp" 291
"../../../Engine/Plugins/Animation/ControlRig/Content/Controls/ControlRig_Square_1mm.ubulk" 292
"../../../Engine/Plugins/Animation/ControlRig/Content/Controls/ControlRig_Square_1mm.uasset" 293
"../../../Engine/Plugins/Animation/ControlRig/Content/Controls/ControlRig_Square_1mm.uexp" 294
"../../../Engine/Plugins/Animation/ControlRig/Content/Controls/ControlRig_Sphere_solid.ubulk" 295
"../../../Engine/Plugins/Animation/ControlRig/Content/Controls/ControlRig_Sphere_solid.uasset" 296
"../../../Engine/Plugins/Animation/ControlRig/Content/Controls/ControlRig_Sphere_solid.uexp" 297
"../../../Engine/Plugins/Animation/ControlRig/Content/Controls/ControlRig_Sphere_3mm.ubulk" 298
"../../../Engine/Plugins/Animation/ControlRig/Content/Controls/ControlRig_Sphere_3mm.uasset" 299
"../../../Engine/Plugins/Animation/ControlRig/Content/Controls/ControlRig_Sphere_3mm.uexp" 300
"../../../Engine/Plugins/Animation/ControlRig/Content/Controls/ControlRig_Sphere_1mm.ubulk" 301
"../../../Engine/Plugins/Animation/ControlRig/Content/Controls/ControlRig_Sphere_1mm.uasset" 302
"../../../Engine/Plugins/Animation/ControlRig/Content/Controls/ControlRig_Sphere_1mm.uexp" 303
"../../../Engine/Plugins/Animation/ControlRig/Content/Controls/ControlRig_RoundedTriangle_solid.ubulk" 304
"../../../Engine/Plugins/Animation/ControlRig/Content/Controls/ControlRig_RoundedTriangle_solid.uasset" 305
"../../../Engine/Plugins/Animation/ControlRig/Content/Controls/ControlRig_RoundedTriangle_solid.uexp" 306
"../../../Engine/Plugins/Animation/ControlRig/Content/Controls/ControlRig_RoundedTriangle_3mm.ubulk" 307
"../../../Engine/Plugins/Animation/ControlRig/Content/Controls/ControlRig_RoundedTriangle_3mm.uasset" 308
"../../../Engine/Plugins/Animation/ControlRig/Content/Controls/ControlRig_RoundedTriangle_3mm.uexp" 309
"../../../Engine/Plugins/Animation/ControlRig/Content/Controls/ControlRig_RoundedTriangle_1mm.ubulk" 310
"../../../Engine/Plugins/Animation/ControlRig/Content/Controls/ControlRig_RoundedTriangle_1mm.uasset" 311
"../../../Engine/Plugins/Animation/ControlRig/Content/Controls/ControlRig_RoundedTriangle_1mm.uexp" 312
"../../../Engine/Plugins/Animation/ControlRig/Content/Controls/ControlRig_RoundedSquare_solid.ubulk" 313
"../../../Engine/Plugins/Animation/ControlRig/Content/Controls/ControlRig_RoundedSquare_solid.uasset" 314
"../../../Engine/Plugins/Animation/ControlRig/Content/Controls/ControlRig_RoundedSquare_solid.uexp" 315
"../../../Engine/Plugins/Animation/ControlRig/Content/Controls/ControlRig_RoundedSquare_3mm.ubulk" 316
"../../../Engine/Plugins/Animation/ControlRig/Content/Controls/ControlRig_RoundedSquare_3mm.uasset" 317
"../../../Engine/Plugins/Animation/ControlRig/Content/Controls/ControlRig_RoundedSquare_3mm.uexp" 318
"../../../Engine/Plugins/Animation/ControlRig/Content/Controls/ControlRig_RoundedSquare_1mm.ubulk" 319
"../../../Engine/Plugins/Animation/ControlRig/Content/Controls/ControlRig_RoundedSquare_1mm.uasset" 320
"../../../Engine/Plugins/Animation/ControlRig/Content/Controls/ControlRig_RoundedSquare_1mm.uexp" 321
"../../../Engine/Plugins/Animation/ControlRig/Content/Controls/ControlRig_QuarterCircle_solid.ubulk" 322
"../../../Engine/Plugins/Animation/ControlRig/Content/Controls/ControlRig_QuarterCircle_solid.uasset" 323
"../../../Engine/Plugins/Animation/ControlRig/Content/Controls/ControlRig_QuarterCircle_solid.uexp" 324
"../../../Engine/Plugins/Animation/ControlRig/Content/Controls/ControlRig_QuarterCircle_3mm.ubulk" 325
"../../../Engine/Plugins/Animation/ControlRig/Content/Controls/ControlRig_QuarterCircle_3mm.uasset" 326
"../../../Engine/Plugins/Animation/ControlRig/Content/Controls/ControlRig_QuarterCircle_3mm.uexp" 327
"../../../Engine/Plugins/Animation/ControlRig/Content/Controls/ControlRig_QuarterCircle_1mm.ubulk" 328
"../../../Engine/Plugins/Animation/ControlRig/Content/Controls/ControlRig_QuarterCircle_1mm.uasset" 329
"../../../Engine/Plugins/Animation/ControlRig/Content/Controls/ControlRig_QuarterCircle_1mm.uexp" 330
"../../../Engine/Plugins/Animation/ControlRig/Content/Controls/ControlRig_Pyramid_solid.ubulk" 331
"../../../Engine/Plugins/Animation/ControlRig/Content/Controls/ControlRig_Pyramid_solid.uasset" 332
"../../../Engine/Plugins/Animation/ControlRig/Content/Controls/ControlRig_Pyramid_solid.uexp" 333
"../../../Engine/Plugins/Animation/ControlRig/Content/Controls/ControlRig_Pyramid_3mm.ubulk" 334
"../../../Engine/Plugins/Animation/ControlRig/Content/Controls/ControlRig_Pyramid_3mm.uasset" 335
"../../../Engine/Plugins/Animation/ControlRig/Content/Controls/ControlRig_Pyramid_3mm.uexp" 336
"../../../Engine/Plugins/Animation/ControlRig/Content/Controls/ControlRig_Pyramid_1mm.ubulk" 337
"../../../Engine/Plugins/Animation/ControlRig/Content/Controls/ControlRig_Pyramid_1mm.uasset" 338
"../../../Engine/Plugins/Animation/ControlRig/Content/Controls/ControlRig_Pyramid_1mm.uexp" 339
"../../../Engine/Plugins/Animation/ControlRig/Content/Controls/ControlRig_Octagon_solid.ubulk" 340
"../../../Engine/Plugins/Animation/ControlRig/Content/Controls/ControlRig_Octagon_solid.uasset" 341
"../../../Engine/Plugins/Animation/ControlRig/Content/Controls/ControlRig_Octagon_solid.uexp" 342
"../../../Engine/Plugins/Animation/ControlRig/Content/Controls/ControlRig_Octagon_3mm.ubulk" 343
"../../../Engine/Plugins/Animation/ControlRig/Content/Controls/ControlRig_Octagon_3mm.uasset" 344
"../../../Engine/Plugins/Animation/ControlRig/Content/Controls/ControlRig_Octagon_3mm.uexp" 345
"../../../Engine/Plugins/Animation/ControlRig/Content/Controls/ControlRig_Octagon_1mm.ubulk" 346
"../../../Engine/Plugins/Animation/ControlRig/Content/Controls/ControlRig_Octagon_1mm.uasset" 347
"../../../Engine/Plugins/Animation/ControlRig/Content/Controls/ControlRig_Octagon_1mm.uexp" 348
"../../../Engine/Plugins/Animation/ControlRig/Content/Controls/ControlRig_Hexagon_solid.ubulk" 349
"../../../Engine/Plugins/Animation/ControlRig/Content/Controls/ControlRig_Hexagon_solid.uasset" 350
"../../../Engine/Plugins/Animation/ControlRig/Content/Controls/ControlRig_Hexagon_solid.uexp" 351
"../../../Engine/Plugins/Animation/ControlRig/Content/Controls/ControlRig_Hexagon_3mm.ubulk" 352
"../../../Engine/Plugins/Animation/ControlRig/Content/Controls/ControlRig_Hexagon_3mm.uasset" 353
"../../../Engine/Plugins/Animation/ControlRig/Content/Controls/ControlRig_Hexagon_3mm.uexp" 354
"../../../Engine/Plugins/Animation/ControlRig/Content/Controls/ControlRig_Hexagon_1mm.ubulk" 355
"../../../Engine/Plugins/Animation/ControlRig/Content/Controls/ControlRig_Hexagon_1mm.uasset" 356
"../../../Engine/Plugins/Animation/ControlRig/Content/Controls/ControlRig_Hexagon_1mm.uexp" 357
"../../../Engine/Plugins/Animation/ControlRig/Content/Controls/ControlRig_HalfCircle_solid.ubulk" 358
"../../../Engine/Plugins/Animation/ControlRig/Content/Controls/ControlRig_HalfCircle_solid.uasset" 359
"../../../Engine/Plugins/Animation/ControlRig/Content/Controls/ControlRig_HalfCircle_solid.uexp" 360
"../../../Engine/Plugins/Animation/ControlRig/Content/Controls/ControlRig_HalfCircle_3mm.ubulk" 361
"../../../Engine/Plugins/Animation/ControlRig/Content/Controls/ControlRig_HalfCircle_3mm.uasset" 362
"../../../Engine/Plugins/Animation/ControlRig/Content/Controls/ControlRig_HalfCircle_3mm.uexp" 363
"../../../Engine/Plugins/Animation/ControlRig/Content/Controls/ControlRig_HalfCircle_1mm.ubulk" 364
"../../../Engine/Plugins/Animation/ControlRig/Content/Controls/ControlRig_HalfCircle_1mm.uasset" 365
"../../../Engine/Plugins/Animation/ControlRig/Content/Controls/ControlRig_HalfCircle_1mm.uexp" 366
"../../../Engine/Plugins/Animation/ControlRig/Content/Controls/ControlRig_Diamond_solid.ubulk" 367
"../../../Engine/Plugins/Animation/ControlRig/Content/Controls/ControlRig_Diamond_solid.uasset" 368
"../../../Engine/Plugins/Animation/ControlRig/Content/Controls/ControlRig_Diamond_solid.uexp" 369
"../../../Engine/Plugins/Animation/ControlRig/Content/Controls/ControlRig_Diamond_3mm.ubulk" 370
"../../../Engine/Plugins/Animation/ControlRig/Content/Controls/ControlRig_Diamond_3mm.uasset" 371
"../../../Engine/Plugins/Animation/ControlRig/Content/Controls/ControlRig_Diamond_3mm.uexp" 372
"../../../Engine/Plugins/Animation/ControlRig/Content/Controls/ControlRig_Diamond_1mm.ubulk" 373
"../../../Engine/Plugins/Animation/ControlRig/Content/Controls/ControlRig_Diamond_1mm.uasset" 374
"../../../Engine/Plugins/Animation/ControlRig/Content/Controls/ControlRig_Diamond_1mm.uexp" 375
"../../../Engine/Plugins/Animation/ControlRig/Content/Controls/ControlRig_Circle_solid.ubulk" 376
"../../../Engine/Plugins/Animation/ControlRig/Content/Controls/ControlRig_Circle_solid.uasset" 377
"../../../Engine/Plugins/Animation/ControlRig/Content/Controls/ControlRig_Circle_solid.uexp" 378
"../../../Engine/Plugins/Animation/ControlRig/Content/Controls/ControlRig_Circle_3mm.ubulk" 379
"../../../Engine/Plugins/Animation/ControlRig/Content/Controls/ControlRig_Circle_3mm.uasset" 380
"../../../Engine/Plugins/Animation/ControlRig/Content/Controls/ControlRig_Circle_3mm.uexp" 381
"../../../Engine/Plugins/Animation/ControlRig/Content/Controls/ControlRig_Circle_1mm.ubulk" 382
"../../../Engine/Plugins/Animation/ControlRig/Content/Controls/ControlRig_Circle_1mm.uasset" 383
"../../../Engine/Plugins/Animation/ControlRig/Content/Controls/ControlRig_Circle_1mm.uexp" 384
"../../../Engine/Plugins/Animation/ControlRig/Content/Controls/ControlRig_Box_solid.ubulk" 385
"../../../Engine/Plugins/Animation/ControlRig/Content/Controls/ControlRig_Box_solid.uasset" 386
"../../../Engine/Plugins/Animation/ControlRig/Content/Controls/ControlRig_Box_solid.uexp" 387
"../../../Engine/Plugins/Animation/ControlRig/Content/Controls/ControlRig_Box_3mm.ubulk" 388
"../../../Engine/Plugins/Animation/ControlRig/Content/Controls/ControlRig_Box_3mm.uasset" 389
"../../../Engine/Plugins/Animation/ControlRig/Content/Controls/ControlRig_Box_3mm.uexp" 390
"../../../Engine/Plugins/Animation/ControlRig/Content/Controls/ControlRig_Box_1mm.ubulk" 391
"../../../Engine/Plugins/Animation/ControlRig/Content/Controls/ControlRig_Box_1mm.uasset" 392
"../../../Engine/Plugins/Animation/ControlRig/Content/Controls/ControlRig_Box_1mm.uexp" 393
"../../../Engine/Plugins/Animation/ControlRig/Content/Controls/ControlRig_Arrow_solid.ubulk" 394
"../../../Engine/Plugins/Animation/ControlRig/Content/Controls/ControlRig_Arrow_solid.uasset" 395
"../../../Engine/Plugins/Animation/ControlRig/Content/Controls/ControlRig_Arrow_solid.uexp" 396
"../../../Engine/Plugins/Animation/ControlRig/Content/Controls/ControlRig_Arrow_3mm.ubulk" 397
"../../../Engine/Plugins/Animation/ControlRig/Content/Controls/ControlRig_Arrow_3mm.uasset" 398
"../../../Engine/Plugins/Animation/ControlRig/Content/Controls/ControlRig_Arrow_3mm.uexp" 399
"../../../Engine/Plugins/Animation/ControlRig/Content/Controls/ControlRig_Arrow_1mm.ubulk" 400
"../../../Engine/Plugins/Animation/ControlRig/Content/Controls/ControlRig_Arrow_1mm.uasset" 401
"../../../Engine/Plugins/Animation/ControlRig/Content/Controls/ControlRig_Arrow_1mm.uexp" 402
"../../../Engine/Plugins/Animation/ControlRig/Content/Controls/ControlRig_Arrow4_solid.ubulk" 403
"../../../Engine/Plugins/Animation/ControlRig/Content/Controls/ControlRig_Arrow4_solid.uasset" 404
"../../../Engine/Plugins/Animation/ControlRig/Content/Controls/ControlRig_Arrow4_solid.uexp" 405
"../../../Engine/Plugins/Animation/ControlRig/Content/Controls/ControlRig_Arrow4_3mm.ubulk" 406
"../../../Engine/Plugins/Animation/ControlRig/Content/Controls/ControlRig_Arrow4_3mm.uasset" 407
"../../../Engine/Plugins/Animation/ControlRig/Content/Controls/ControlRig_Arrow4_3mm.uexp" 408
"../../../Engine/Plugins/Animation/ControlRig/Content/Controls/ControlRig_Arrow4_1mm.ubulk" 409
"../../../Engine/Plugins/Animation/ControlRig/Content/Controls/ControlRig_Arrow4_1mm.uasset" 410
"../../../Engine/Plugins/Animation/ControlRig/Content/Controls/ControlRig_Arrow4_1mm.uexp" 411
"../../../Engine/Plugins/Animation/ControlRig/Content/Controls/ControlRig_Arrow2_solid.ubulk" 412
"../../../Engine/Plugins/Animation/ControlRig/Content/Controls/ControlRig_Arrow2_solid.uasset" 413
"../../../Engine/Plugins/Animation/ControlRig/Content/Controls/ControlRig_Arrow2_solid.uexp" 414
"../../../Engine/Plugins/Animation/ControlRig/Content/Controls/ControlRig_Arrow2_3mm.ubulk" 415
"../../../Engine/Plugins/Animation/ControlRig/Content/Controls/ControlRig_Arrow2_3mm.uasset" 416
"../../../Engine/Plugins/Animation/ControlRig/Content/Controls/ControlRig_Arrow2_3mm.uexp" 417
"../../../Engine/Plugins/Animation/ControlRig/Content/Controls/ControlRig_Arrow2_1mm.ubulk" 418
"../../../Engine/Plugins/Animation/ControlRig/Content/Controls/ControlRig_Arrow2_1mm.uasset" 419
"../../../Engine/Plugins/Animation/ControlRig/Content/Controls/ControlRig_Arrow2_1mm.uexp" 420
"../../../Engine/Plugins/Animation/ControlRig/Content/Controls/ControlRigXRayMaterial.uasset" 421
"../../../Engine/Plugins/Animation/ControlRig/Content/Controls/ControlRigXRayMaterial.uexp" 422
"../../../Engine/Plugins/Animation/ControlRig/Content/Controls/ControlRigGizmoMaterial.uasset" 423
"../../../Engine/Plugins/Animation/ControlRig/Content/Controls/ControlRigGizmoMaterial.uexp" 424
"../../../Engine/Content/VREditor/TransformGizmo/StartRotationHandleIndicator.ubulk" 425
"../../../Engine/Content/VREditor/TransformGizmo/StartRotationHandleIndicator.uasset" 426
"../../../Engine/Content/VREditor/TransformGizmo/StartRotationHandleIndicator.uexp" 427
"../../../Engine/Content/VREditor/Sounds/UI/Drop_Item_From_ContentBrowser.ubulk" 428
"../../../Engine/Content/VREditor/Sounds/UI/Drop_Item_From_ContentBrowser.uasset" 429
"../../../Engine/Content/VREditor/Sounds/UI/Drop_Item_From_ContentBrowser.uexp" 430
"../../../Engine/Content/VREditor/TransformGizmo/PlaneTranslationHandle.ubulk" 431
"../../../Engine/Content/VREditor/TransformGizmo/PlaneTranslationHandle.uasset" 432
"../../../Engine/Content/VREditor/TransformGizmo/PlaneTranslationHandle.uexp" 433
"../../../Engine/Content/VREditor/Sounds/UI/Object_Snaps_To_Grid.ubulk" 434
"../../../Engine/Content/VREditor/Sounds/UI/Object_Snaps_To_Grid.uasset" 435
"../../../Engine/Content/VREditor/Sounds/UI/Object_Snaps_To_Grid.uexp" 436
"../../../Engine/Content/VREditor/Sounds/UI/Selection_Changes.ubulk" 437
"../../../Engine/Content/VREditor/Sounds/UI/Selection_Changes.uasset" 438
"../../../Engine/Content/VREditor/Sounds/UI/Selection_Changes.uexp" 439
"../../../Engine/Content/VREditor/Sounds/UI/Object_Snaps_To_Another_Actor.ubulk" 440
"../../../Engine/Content/VREditor/Sounds/UI/Object_Snaps_To_Another_Actor.uasset" 441
"../../../Engine/Content/VREditor/Sounds/UI/Object_Snaps_To_Another_Actor.uexp" 442
"../../../Engine/Content/VREditor/TransformGizmo/TranslucentTransformGizmoMaterial_Inst.uasset" 443
"../../../Engine/Content/VREditor/TransformGizmo/TranslucentTransformGizmoMaterial_Inst.uexp" 444
"../../../Engine/Content/VREditor/TransformGizmo/TransformGizmoFreeRotation.ubulk" 445
"../../../Engine/Content/VREditor/TransformGizmo/TransformGizmoFreeRotation.uasset" 446
"../../../Engine/Content/VREditor/TransformGizmo/TransformGizmoFreeRotation.uexp" 447
"../../../Engine/Content/VREditor/Sounds/UI/Scaling_Down.ubulk" 448
"../../../Engine/Content/VREditor/Sounds/UI/Scaling_Down.uasset" 449
"../../../Engine/Content/VREditor/Sounds/UI/Scaling_Down.uexp" 450
"../../../Engine/Content/Functions/Engine_MaterialFunctions02/Math/Transform3x3Matrix.uasset" 451
"../../../Engine/Content/Functions/Engine_MaterialFunctions02/Math/Transform3x3Matrix.uexp" 452
"../../../Engine/Content/Functions/Engine_MaterialFunctions02/SplitComponents.uasset" 453
"../../../Engine/Content/Functions/Engine_MaterialFunctions02/SplitComponents.uexp" 454
"../../../Engine/Content/Functions/Engine_MaterialFunctions02/Utility/MakeFloat3.uasset" 455
"../../../Engine/Content/Functions/Engine_MaterialFunctions02/Utility/MakeFloat3.uexp" 456
"../../../Engine/Content/VREditor/SnapGrid/SnapGridMaterial.uasset" 457
"../../../Engine/Content/VREditor/SnapGrid/SnapGridMaterial.uexp" 458
"../../../Engine/Content/VREditor/SnapGrid/SnapGridPlaneMesh.ubulk" 459
"../../../Engine/Content/VREditor/SnapGrid/SnapGridPlaneMesh.uasset" 460
"../../../Engine/Content/VREditor/SnapGrid/SnapGridPlaneMesh.uexp" 461
"../../../Engine/Content/VREditor/Sounds/UI/Scaling_Up.ubulk" 462
"../../../Engine/Content/VREditor/Sounds/UI/Scaling_Up.uasset" 463
"../../../Engine/Content/VREditor/Sounds/UI/Scaling_Up.uexp" 464
"../../../Engine/Content/VREditor/TransformGizmo/TransformGizmoMaterial_Inst.uasset" 465
"../../../Engine/Content/VREditor/TransformGizmo/TransformGizmoMaterial_Inst.uexp" 466
"../../../Engine/Content/VREditor/Sounds/UI/Gizmo_Handle_Clicked.ubulk" 467
"../../../Engine/Content/VREditor/Sounds/UI/Gizmo_Handle_Clicked.uasset" 468
"../../../Engine/Content/VREditor/Sounds/UI/Gizmo_Handle_Clicked.uexp" 469
"../../../Engine/Content/VREditor/TransformGizmo/RotationHandleQuarter.ubulk" 470
"../../../Engine/Content/VREditor/TransformGizmo/RotationHandleQuarter.uasset" 471
"../../../Engine/Content/VREditor/TransformGizmo/RotationHandleQuarter.uexp" 472
"../../../Engine/Content/VREditor/TransformGizmo/TranslateArrowHandle.ubulk" 473
"../../../Engine/Content/VREditor/TransformGizmo/TranslateArrowHandle.uasset" 474
"../../../Engine/Content/VREditor/TransformGizmo/TranslateArrowHandle.uexp" 475
"../../../Engine/Content/VREditor/TransformGizmo/RotationHandleIndicator.ubulk" 476
"../../../Engine/Content/VREditor/TransformGizmo/RotationHandleIndicator.uasset" 477
"../../../Engine/Content/VREditor/TransformGizmo/RotationHandleIndicator.uexp" 478
"../../../Engine/Content/VREditor/TransformGizmo/UniformScaleHandle.ubulk" 479
"../../../Engine/Content/VREditor/TransformGizmo/UniformScaleHandle.uasset" 480
"../../../Engine/Content/VREditor/TransformGizmo/UniformScaleHandle.uexp" 481
"../../../Engine/Content/VREditor/TransformGizmo/RotationHandleFull.ubulk" 482
"../../../Engine/Content/VREditor/TransformGizmo/RotationHandleFull.uasset" 483
"../../../Engine/Content/VREditor/TransformGizmo/RotationHandleFull.uexp" 484
"../../../Engine/Content/VREditor/Sounds/UI/Object_PickUp.ubulk" 485
"../../../Engine/Content/VREditor/Sounds/UI/Object_PickUp.uasset" 486
"../../../Engine/Content/VREditor/Sounds/UI/Object_PickUp.uexp" 487
"../../../Engine/Content/EngineSounds/Master.uasset" 488
"../../../Engine/Content/EngineSounds/Master.uexp" 489
"../../../Engine/Content/EngineResources/WhiteSquareTexture.uasset" 490
"../../../Engine/Content/EngineResources/WhiteSquareTexture.uexp" 491
"../../../Engine/Content/EngineMaterials/Widget3DPassThrough.uasset" 492
"../../../Engine/Content/EngineMaterials/Widget3DPassThrough.uexp" 493
"../../../Engine/Content/EngineMaterials/Widget3DPassThrough_Translucent.uasset" 494
"../../../Engine/Content/EngineMaterials/Widget3DPassThrough_Translucent.uexp" 495
"../../../Engine/Content/EngineMaterials/Widget3DPassThrough_Translucent_OneSided.uasset" 496
"../../../Engine/Content/EngineMaterials/Widget3DPassThrough_Translucent_OneSided.uexp" 497
"../../../Engine/Content/EngineMaterials/Widget3DPassThrough_Opaque.uasset" 498
"../../../Engine/Content/EngineMaterials/Widget3DPassThrough_Opaque.uexp" 499
"../../../Engine/Content/EngineMaterials/Widget3DPassThrough_Opaque_OneSided.uasset" 500
"../../../Engine/Content/EngineMaterials/Widget3DPassThrough_Opaque_OneSided.uexp" 501
"../../../Engine/Content/EngineMaterials/Widget3DPassThrough_Masked_OneSided.uasset" 502
"../../../Engine/Content/EngineMaterials/Widget3DPassThrough_Masked_OneSided.uexp" 503
"../../../Engine/Content/EngineMaterials/Widget3DPassThrough_Masked.uasset" 504
"../../../Engine/Content/EngineMaterials/Widget3DPassThrough_Masked.uexp" 505
"../../../Engine/Content/EngineMaterials/STBlueNoise_vec2_128x128x64.uasset" 506
"../../../Engine/Content/EngineMaterials/STBlueNoise_vec2_128x128x64.uexp" 507
"../../../Engine/Content/EngineMaterials/STBlueNoise_scalar_128x128x64.uasset" 508
"../../../Engine/Content/EngineMaterials/STBlueNoise_scalar_128x128x64.uexp" 509
"../../../Engine/Content/EngineMaterials/RemoveSurfaceMaterial.uasset" 510
"../../../Engine/Content/EngineMaterials/RemoveSurfaceMaterial.uexp" 511
"../../../Engine/Content/EngineMaterials/DefaultCalibrationGrayscale.uasset" 512
"../../../Engine/Content/EngineMaterials/DefaultCalibrationGrayscale.uexp" 513
"../../../Engine/Content/EngineMaterials/PPM_DefaultCalibrationGrayscale.uasset" 514
"../../../Engine/Content/EngineMaterials/PPM_DefaultCalibrationGrayscale.uexp" 515
"../../../Engine/Content/EngineMaterials/DefaultCalibrationColor.uasset" 516
"../../../Engine/Content/EngineMaterials/DefaultCalibrationColor.uexp" 517
"../../../Engine/Content/EngineMaterials/PPM_DefaultCalibrationColor.uasset" 518
"../../../Engine/Content/EngineMaterials/PPM_DefaultCalibrationColor.uexp" 519
"../../../Engine/Content/EngineMaterials/PhAT_JointLimitMaterial.uasset" 520
"../../../Engine/Content/EngineMaterials/PhAT_JointLimitMaterial.uexp" 521
"../../../Engine/Content/EngineMaterials/NaniteHiddenSectionMaterial.uasset" 522
"../../../Engine/Content/EngineMaterials/NaniteHiddenSectionMaterial.uexp" 523
"../../../Engine/Content/EngineMaterials/InvalidLightmapSettings.ubulk" 524
"../../../Engine/Content/EngineMaterials/InvalidLightmapSettings.uasset" 525
"../../../Engine/Content/EngineMaterials/InvalidLightmapSettings.uexp" 526
"../../../Engine/Content/EngineMaterials/M_InvalidLightmapSettings.uasset" 527
"../../../Engine/Content/EngineMaterials/M_InvalidLightmapSettings.uexp" 528
"../../../Engine/Content/EngineMaterials/GizmoMaterial.uasset" 529
"../../../Engine/Content/EngineMaterials/GizmoMaterial.uexp" 530
"../../../Engine/Content/EngineMaterials/BaseFlattenEmissiveMap_VT.uasset" 531
"../../../Engine/Content/EngineMaterials/BaseFlattenEmissiveMap_VT.uexp" 532
"../../../Engine/Content/EngineMaterials/BaseFlattenGrayscaleMap_VT.uasset" 533
"../../../Engine/Content/EngineMaterials/BaseFlattenGrayscaleMap_VT.uexp" 534
"../../../Engine/Content/EngineMaterials/BaseFlattenLinearColor_VT.uasset" 535
"../../../Engine/Content/EngineMaterials/BaseFlattenLinearColor_VT.uexp" 536
"../../../Engine/Content/EngineMaterials/Black_1x1_EXR_Texture_VT.uasset" 537
"../../../Engine/Content/EngineMaterials/Black_1x1_EXR_Texture_VT.uexp" 538
"../../../Engine/Content/EngineMaterials/BaseFlattenDiffuseMap_VT.uasset" 539
"../../../Engine/Content/EngineMaterials/BaseFlattenDiffuseMap_VT.uexp" 540
"../../../Engine/Content/EngineMaterials/BaseFlattenNormalMap_VT.uasset" 541
"../../../Engine/Content/EngineMaterials/BaseFlattenNormalMap_VT.uexp" 542
"../../../Engine/Content/EngineMaterials/FlattenMaterial_WS_Normal_VT.uasset" 543
"../../../Engine/Content/EngineMaterials/FlattenMaterial_WS_Normal_VT.uexp" 544
"../../../Engine/Content/EngineMaterials/FlattenMaterial_VT.uasset" 545
"../../../Engine/Content/EngineMaterials/FlattenMaterial_VT.uexp" 546
"../../../Engine/Content/EngineMaterials/BaseFlattenNormalMap.uasset" 547
"../../../Engine/Content/EngineMaterials/BaseFlattenNormalMap.uexp" 548
"../../../Engine/Content/EngineMaterials/BaseFlattenGrayscaleMap.uasset" 549
"../../../Engine/Content/EngineMaterials/BaseFlattenGrayscaleMap.uexp" 550
"../../../Engine/Content/EngineMaterials/BaseFlattenDiffuseMap.uasset" 551
"../../../Engine/Content/EngineMaterials/BaseFlattenDiffuseMap.uexp" 552
"../../../Engine/Content/Functions/Engine_MaterialFunctions02/PivotPainter2/Black_1x1_EXR_Texture.uasset" 553
"../../../Engine/Content/Functions/Engine_MaterialFunctions02/PivotPainter2/Black_1x1_EXR_Texture.uexp" 554
"../../../Engine/Content/EngineMaterials/BaseFlattenEmissiveMap.uasset" 555
"../../../Engine/Content/EngineMaterials/BaseFlattenEmissiveMap.uexp" 556
"../../../Engine/Content/EngineMaterials/BaseFlattenLinearColor.uasset" 557
"../../../Engine/Content/EngineMaterials/BaseFlattenLinearColor.uexp" 558
"../../../Engine/Content/EngineMaterials/FlattenMaterial.uasset" 559
"../../../Engine/Content/EngineMaterials/FlattenMaterial.uexp" 560
"../../../Engine/Content/EngineMaterials/DefaultWhiteGrid_Low.uasset" 561
"../../../Engine/Content/EngineMaterials/DefaultWhiteGrid_Low.uexp" 562
"../../../Engine/Content/EngineMaterials/EmissiveMeshMaterial.uasset" 563
"../../../Engine/Content/EngineMaterials/EmissiveMeshMaterial.uexp" 564
"../../../Engine/Content/EngineFonts/RobotoDistanceField.uasset" 565
"../../../Engine/Content/EngineFonts/RobotoDistanceField.uexp" 566
"../../../Engine/Content/EngineMaterials/DefaultTextMaterialOpaque.uasset" 567
"../../../Engine/Content/EngineMaterials/DefaultTextMaterialOpaque.uexp" 568
"../../../Engine/Content/EngineMaterials/DefaultDiffuse.ubulk" 569
"../../../Engine/Content/EngineMaterials/DefaultDiffuse.uasset" 570
"../../../Engine/Content/EngineMaterials/DefaultDiffuse.uexp" 571
"../../../Engine/Content/Functions/Engine_MaterialFunctions02/Utility/BreakOutFloat2Components.uasset" 572
"../../../Engine/Content/Functions/Engine_MaterialFunctions02/Utility/BreakOutFloat2Components.uexp" 573
"../../../Engine/Content/EngineMaterials/DefaultPostProcessMaterial.uasset" 574
"../../../Engine/Content/EngineMaterials/DefaultPostProcessMaterial.uexp" 575
"../../../Engine/Content/EngineMaterials/DefaultPhysicalMaterial.uasset" 576
"../../../Engine/Content/EngineMaterials/DefaultPhysicalMaterial.uexp" 577
"../../../Engine/Content/EngineMaterials/DefaultLightFunctionMaterial.uasset" 578
"../../../Engine/Content/EngineMaterials/DefaultLightFunctionMaterial.uexp" 579
"../../../Engine/Content/EngineMaterials/DefaultDestructiblePhysicalMaterial.uasset" 580
"../../../Engine/Content/EngineMaterials/DefaultDestructiblePhysicalMaterial.uexp" 581
"../../../Engine/Content/EngineMaterials/DefaultDeferredDecalMaterial.uasset" 582
"../../../Engine/Content/EngineMaterials/DefaultDeferredDecalMaterial.uexp" 583
"../../../Engine/Content/EngineMaterials/DefaultBloomKernel.uasset" 584
"../../../Engine/Content/EngineMaterials/DefaultBloomKernel.uexp" 585
"../../../Engine/Content/EngineFonts/Faces/RobotoLight.uexp" 586
"../../../Engine/Content/EngineFonts/Faces/RobotoLight.uasset" 587
"../../../Engine/Content/EngineFonts/Faces/RobotoLight.ufont" 588
"../../../Engine/Content/EngineFonts/Faces/RobotoBold.uexp" 589
"../../../Engine/Content/EngineFonts/Faces/RobotoBold.uasset" 590
"../../../Engine/Content/EngineFonts/Faces/RobotoBold.ufont" 591
"../../../Engine/Content/EngineFonts/Faces/RobotoRegular.uexp" 592
"../../../Engine/Content/EngineFonts/Faces/RobotoRegular.uasset" 593
"../../../Engine/Content/EngineFonts/Faces/RobotoRegular.ufont" 594
"../../../Engine/Content/EngineFonts/Faces/DroidSansFallback.uexp" 595
"../../../Engine/Content/EngineFonts/Faces/DroidSansFallback.uasset" 596
"../../../Engine/Content/EngineFonts/Faces/DroidSansFallback.ufont" 597
"../../../Engine/Content/EngineFonts/Faces/RobotoItalic.uexp" 598
"../../../Engine/Content/EngineFonts/Faces/RobotoItalic.uasset" 599
"../../../Engine/Content/EngineFonts/Faces/RobotoItalic.ufont" 600
"../../../Engine/Content/EngineFonts/Faces/RobotoBoldItalic.uexp" 601
"../../../Engine/Content/EngineFonts/Faces/RobotoBoldItalic.uasset" 602
"../../../Engine/Content/EngineFonts/Faces/RobotoBoldItalic.ufont" 603
"../../../Engine/Content/EngineFonts/Roboto.uasset" 604
"../../../Engine/Content/EngineFonts/Roboto.uexp" 605
"../../../Engine/Content/EngineDebugMaterials/VolumeToRender.uasset" 606
"../../../Engine/Content/EngineDebugMaterials/VolumeToRender.uexp" 607
"../../../Engine/Content/EngineDebugMaterials/M_VolumeRenderSphereTracePP.uasset" 608
"../../../Engine/Content/EngineDebugMaterials/M_VolumeRenderSphereTracePP.uexp" 609
"../../../Engine/Content/EngineDebugMaterials/M_SimpleUnlitTranslucent.uasset" 610
"../../../Engine/Content/EngineDebugMaterials/M_SimpleUnlitTranslucent.uexp" 611
"../../../Engine/Content/EngineDebugMaterials/DebugMeshMaterial.uasset" 612
"../../../Engine/Content/EngineDebugMaterials/DebugMeshMaterial.uexp" 613
"../../../Engine/Content/EngineDebugMaterials/DebugEditorMaterial.uasset" 614
"../../../Engine/Content/EngineDebugMaterials/DebugEditorMaterial.uexp" 615
"../../../Engine/Content/EngineDamageTypes/DmgTypeBP_Environmental.uasset" 616
"../../../Engine/Content/EngineDamageTypes/DmgTypeBP_Environmental.uexp" 617
"../../../Engine/Content/EditorResources/S_Terrain.ubulk" 618
"../../../Engine/Content/EditorResources/S_Terrain.uasset" 619
"../../../Engine/Content/EditorResources/S_Terrain.uexp" 620
"../../../Engine/Content/EditorResources/EmptyActor.uasset" 621
"../../../Engine/Content/EditorResources/EmptyActor.uexp" 622
"../../../Engine/Content/EditorResources/BSPVertex.uasset" 623
"../../../Engine/Content/EditorResources/BSPVertex.uexp" 624
"../../../Engine/Content/EditorMaterials/PreviewShadowIndicator.ubulk" 625
"../../../Engine/Content/EditorMaterials/PreviewShadowIndicator.uasset" 626
"../../../Engine/Content/EditorMaterials/PreviewShadowIndicator.uexp" 627
"../../../Engine/Content/EditorMaterials/PreviewShadowIndicatorMaterial.uasset" 628
"../../../Engine/Content/EditorMaterials/PreviewShadowIndicatorMaterial.uexp" 629
"../../../Engine/Content/EditorMaterials/PhAT_UnselectedMaterial.uasset" 630
"../../../Engine/Content/EditorMaterials/PhAT_UnselectedMaterial.uexp" 631
"../../../Engine/Content/EditorMaterials/PhAT_NoCollisionMaterial.uasset" 632
"../../../Engine/Content/EditorMaterials/PhAT_NoCollisionMaterial.uexp" 633
"../../../Engine/Content/EditorLandscapeResources/DefaultAlphaTexture.uasset" 634
"../../../Engine/Content/EditorLandscapeResources/DefaultAlphaTexture.uexp" 635
"../../../Engine/Content/EditorLandscapeResources/DataLayer.uasset" 636
"../../../Engine/Content/EditorLandscapeResources/DataLayer.uexp" 637
"../../../Engine/Content/BasicShapes/Plane.ubulk" 638
"../../../Engine/Content/BasicShapes/Plane.uasset" 639
"../../../Engine/Content/BasicShapes/Plane.uexp" 640
"../../../Engine/Content/EngineMaterials/DefaultMaterial.uasset" 641
"../../../Engine/Content/EngineMaterials/DefaultMaterial.uexp" 642
"../../../Engine/Content/BasicShapes/Cylinder.ubulk" 643
"../../../Engine/Content/BasicShapes/Cylinder.uasset" 644
"../../../Engine/Content/BasicShapes/Cylinder.uexp" 645
"../../../Engine/Content/BasicShapes/Cone.ubulk" 646
"../../../Engine/Content/BasicShapes/Cone.uasset" 647
"../../../Engine/Content/BasicShapes/Cone.uexp" 648
"../../../Engine/Content/BasicShapes/BasicShapeMaterial.uasset" 649
"../../../Engine/Content/BasicShapes/BasicShapeMaterial.uexp" 650
"../../../Engine/Content/EngineSky/VolumetricClouds/CloudWeatherTexture.uasset" 651
"../../../Engine/Content/EngineSky/VolumetricClouds/CloudWeatherTexture.uexp" 652
"../../../Engine/Content/Functions/Engine_MaterialFunctions02/Utility/MakeFloat2.uasset" 653
"../../../Engine/Content/Functions/Engine_MaterialFunctions02/Utility/MakeFloat2.uexp" 654
"../../../Engine/Content/EngineSky/VolumetricClouds/CloudGradientTexture.uasset" 655
"../../../Engine/Content/EngineSky/VolumetricClouds/CloudGradientTexture.uexp" 656
"../../../Engine/Content/EngineSky/VolumetricClouds/T_NoiseShape64.ubulk" 657
"../../../Engine/Content/EngineSky/VolumetricClouds/T_NoiseShape64.uasset" 658
"../../../Engine/Content/EngineSky/VolumetricClouds/T_NoiseShape64.uexp" 659
"../../../Engine/Content/EngineSky/VolumetricClouds/T_VolumeNoiseShape64.uasset" 660
"../../../Engine/Content/EngineSky/VolumetricClouds/T_VolumeNoiseShape64.uexp" 661
"../../../Engine/Content/EngineSky/VolumetricClouds/T_NoiseErosion.ubulk" 662
"../../../Engine/Content/EngineSky/VolumetricClouds/T_NoiseErosion.uasset" 663
"../../../Engine/Content/EngineSky/VolumetricClouds/T_NoiseErosion.uexp" 664
"../../../Engine/Content/EngineSky/VolumetricClouds/T_VolumeNoiseErosion32.uasset" 665
"../../../Engine/Content/EngineSky/VolumetricClouds/T_VolumeNoiseErosion32.uexp" 666
"../../../Engine/Content/EngineSky/VolumetricClouds/m_SimpleVolumetricCloud.uasset" 667
"../../../Engine/Content/EngineSky/VolumetricClouds/m_SimpleVolumetricCloud.uexp" 668
"../../../Engine/Content/EngineSky/VolumetricClouds/m_SimpleVolumetricCloud_Inst.uasset" 669
"../../../Engine/Content/EngineSky/VolumetricClouds/m_SimpleVolumetricCloud_Inst.uexp" 670
"../../../Engine/Content/EngineResources/FilmGrains/Marcie_Grain_v3_128_M2_000.uasset" 671
"../../../Engine/Content/EngineResources/FilmGrains/Marcie_Grain_v3_128_M2_000.uexp" 672
"../../../Engine/Content/EditorResources/SequenceRecorder/RecordingIndicator.uasset" 673
"../../../Engine/Content/EditorResources/SequenceRecorder/RecordingIndicator.uexp" 674
"../../../Engine/Content/EditorResources/SequenceRecorder/Countdown.uasset" 675
"../../../Engine/Content/EditorResources/SequenceRecorder/Countdown.uexp" 676
"../../../Engine/Content/EditorMaterials/Dataflow/DataflowVertexMaterial.uasset" 677
"../../../Engine/Content/EditorMaterials/Dataflow/DataflowVertexMaterial.uexp" 678
"../../../Engine/Content/EditorMeshes/ColorCalibrator/T_ColorGrid.ubulk" 679
"../../../Engine/Content/EditorMeshes/ColorCalibrator/T_ColorGrid.uasset" 680
"../../../Engine/Content/EditorMeshes/ColorCalibrator/T_ColorGrid.uexp" 681
"C:/Users/Anais/Documents/Quetes/B3/Q2-DiabloLike/ArcaneNoir/Content/StarterContent/Materials/M_ColorGrid_LowSpec.uasset" 682
"C:/Users/Anais/Documents/Quetes/B3/Q2-DiabloLike/ArcaneNoir/Content/StarterContent/Materials/M_ColorGrid_LowSpec.uexp" 683
"C:/Users/Anais/Documents/Quetes/B3/Q2-DiabloLike/ArcaneNoir/Content/StarterContent/Textures/T_Smoke_SubUV.ubulk" 684
"C:/Users/Anais/Documents/Quetes/B3/Q2-DiabloLike/ArcaneNoir/Content/StarterContent/Textures/T_Smoke_SubUV.uasset" 685
"C:/Users/Anais/Documents/Quetes/B3/Q2-DiabloLike/ArcaneNoir/Content/StarterContent/Textures/T_Smoke_SubUV.uexp" 686
"C:/Users/Anais/Documents/Quetes/B3/Q2-DiabloLike/ArcaneNoir/Content/StarterContent/Textures/T_Smoke_Tiled_D.ubulk" 687
"C:/Users/Anais/Documents/Quetes/B3/Q2-DiabloLike/ArcaneNoir/Content/StarterContent/Textures/T_Smoke_Tiled_D.uasset" 688
"C:/Users/Anais/Documents/Quetes/B3/Q2-DiabloLike/ArcaneNoir/Content/StarterContent/Textures/T_Smoke_Tiled_D.uexp" 689
"C:/Users/Anais/Documents/Quetes/B3/Q2-DiabloLike/ArcaneNoir/Content/StarterContent/Particles/Materials/M_smoke_subUV.uasset" 690
"C:/Users/Anais/Documents/Quetes/B3/Q2-DiabloLike/ArcaneNoir/Content/StarterContent/Particles/Materials/M_smoke_subUV.uexp" 691
"C:/Users/Anais/Documents/Quetes/B3/Q2-DiabloLike/ArcaneNoir/Content/StarterContent/Textures/T_Burst_M.ubulk" 692
"C:/Users/Anais/Documents/Quetes/B3/Q2-DiabloLike/ArcaneNoir/Content/StarterContent/Textures/T_Burst_M.uasset" 693
"C:/Users/Anais/Documents/Quetes/B3/Q2-DiabloLike/ArcaneNoir/Content/StarterContent/Textures/T_Burst_M.uexp" 694
"C:/Users/Anais/Documents/Quetes/B3/Q2-DiabloLike/ArcaneNoir/Content/StarterContent/Particles/Materials/M_Burst.uasset" 695
"C:/Users/Anais/Documents/Quetes/B3/Q2-DiabloLike/ArcaneNoir/Content/StarterContent/Particles/Materials/M_Burst.uexp" 696
"C:/Users/Anais/Documents/Quetes/B3/Q2-DiabloLike/ArcaneNoir/Content/StarterContent/Particles/Materials/m_flare_01.uasset" 697
"C:/Users/Anais/Documents/Quetes/B3/Q2-DiabloLike/ArcaneNoir/Content/StarterContent/Particles/Materials/m_flare_01.uexp" 698
"C:/Users/Anais/Documents/Quetes/B3/Q2-DiabloLike/ArcaneNoir/Content/StarterContent/Textures/T_Explosion_SubUV.ubulk" 699
"C:/Users/Anais/Documents/Quetes/B3/Q2-DiabloLike/ArcaneNoir/Content/StarterContent/Textures/T_Explosion_SubUV.uasset" 700
"C:/Users/Anais/Documents/Quetes/B3/Q2-DiabloLike/ArcaneNoir/Content/StarterContent/Textures/T_Explosion_SubUV.uexp" 701
"C:/Users/Anais/Documents/Quetes/B3/Q2-DiabloLike/ArcaneNoir/Content/StarterContent/Particles/Materials/M_explosion_subUV.uasset" 702
"C:/Users/Anais/Documents/Quetes/B3/Q2-DiabloLike/ArcaneNoir/Content/StarterContent/Particles/Materials/M_explosion_subUV.uexp" 703
"../../../Engine/Content/Functions/Engine_MaterialFunctions01/Gradient/RadialGradient.uasset" 704
"../../../Engine/Content/Functions/Engine_MaterialFunctions01/Gradient/RadialGradient.uexp" 705
"C:/Users/Anais/Documents/Quetes/B3/Q2-DiabloLike/ArcaneNoir/Content/StarterContent/Particles/Materials/M_radial_ramp.uasset" 706
"C:/Users/Anais/Documents/Quetes/B3/Q2-DiabloLike/ArcaneNoir/Content/StarterContent/Particles/Materials/M_radial_ramp.uexp" 707
"C:/Users/Anais/Documents/Quetes/B3/Q2-DiabloLike/ArcaneNoir/Content/StarterContent/Particles/P_Explosion.uasset" 708
"C:/Users/Anais/Documents/Quetes/B3/Q2-DiabloLike/ArcaneNoir/Content/StarterContent/Particles/P_Explosion.uexp" 709
"C:/Users/Anais/Documents/Quetes/B3/Q2-DiabloLike/ArcaneNoir/Content/StarterContent/Audio/Explosion_Cue.uasset" 710
"C:/Users/Anais/Documents/Quetes/B3/Q2-DiabloLike/ArcaneNoir/Content/StarterContent/Audio/Explosion_Cue.uexp" 711
"C:/Users/Anais/Documents/Quetes/B3/Q2-DiabloLike/ArcaneNoir/Content/StarterContent/Blueprints/Blueprint_Effect_Explosion.uasset" 712
"C:/Users/Anais/Documents/Quetes/B3/Q2-DiabloLike/ArcaneNoir/Content/StarterContent/Blueprints/Blueprint_Effect_Explosion.uexp" 713
"C:/Users/Anais/Documents/Quetes/B3/Q2-DiabloLike/ArcaneNoir/Content/StarterContent/Audio/Steam01.ubulk" 714
"C:/Users/Anais/Documents/Quetes/B3/Q2-DiabloLike/ArcaneNoir/Content/StarterContent/Audio/Steam01.uasset" 715
"C:/Users/Anais/Documents/Quetes/B3/Q2-DiabloLike/ArcaneNoir/Content/StarterContent/Audio/Steam01.uexp" 716
"C:/Users/Anais/Documents/Quetes/B3/Q2-DiabloLike/ArcaneNoir/Content/StarterContent/Audio/Starter_Wind06.ubulk" 717
"C:/Users/Anais/Documents/Quetes/B3/Q2-DiabloLike/ArcaneNoir/Content/StarterContent/Audio/Starter_Wind06.uasset" 718
"C:/Users/Anais/Documents/Quetes/B3/Q2-DiabloLike/ArcaneNoir/Content/StarterContent/Audio/Starter_Wind06.uexp" 719
"C:/Users/Anais/Documents/Quetes/B3/Q2-DiabloLike/ArcaneNoir/Content/StarterContent/Audio/Starter_Wind05.ubulk" 720
"C:/Users/Anais/Documents/Quetes/B3/Q2-DiabloLike/ArcaneNoir/Content/StarterContent/Audio/Starter_Wind05.uasset" 721
"C:/Users/Anais/Documents/Quetes/B3/Q2-DiabloLike/ArcaneNoir/Content/StarterContent/Audio/Starter_Wind05.uexp" 722
"C:/Users/Anais/Documents/Quetes/B3/Q2-DiabloLike/ArcaneNoir/Content/StarterContent/Audio/Starter_Music01.ubulk" 723
"C:/Users/Anais/Documents/Quetes/B3/Q2-DiabloLike/ArcaneNoir/Content/StarterContent/Audio/Starter_Music01.uasset" 724
"C:/Users/Anais/Documents/Quetes/B3/Q2-DiabloLike/ArcaneNoir/Content/StarterContent/Audio/Starter_Music01.uexp" 725
"C:/Users/Anais/Documents/Quetes/B3/Q2-DiabloLike/ArcaneNoir/Content/StarterContent/Audio/Starter_Birds01.ubulk" 726
"C:/Users/Anais/Documents/Quetes/B3/Q2-DiabloLike/ArcaneNoir/Content/StarterContent/Audio/Starter_Birds01.uasset" 727
"C:/Users/Anais/Documents/Quetes/B3/Q2-DiabloLike/ArcaneNoir/Content/StarterContent/Audio/Starter_Birds01.uexp" 728
"C:/Users/Anais/Documents/Quetes/B3/Q2-DiabloLike/ArcaneNoir/Content/StarterContent/Audio/Smoke01.ubulk" 729
"C:/Users/Anais/Documents/Quetes/B3/Q2-DiabloLike/ArcaneNoir/Content/StarterContent/Audio/Smoke01.uasset" 730
"C:/Users/Anais/Documents/Quetes/B3/Q2-DiabloLike/ArcaneNoir/Content/StarterContent/Audio/Smoke01.uexp" 731
"C:/Users/Anais/Documents/Quetes/B3/Q2-DiabloLike/ArcaneNoir/Content/StarterContent/Audio/Light02_Cue.uasset" 732
"C:/Users/Anais/Documents/Quetes/B3/Q2-DiabloLike/ArcaneNoir/Content/StarterContent/Audio/Light02_Cue.uexp" 733
"C:/Users/Anais/Documents/Quetes/B3/Q2-DiabloLike/ArcaneNoir/Content/StarterContent/Audio/Light02.ubulk" 734
"C:/Users/Anais/Documents/Quetes/B3/Q2-DiabloLike/ArcaneNoir/Content/StarterContent/Audio/Light02.uasset" 735
"C:/Users/Anais/Documents/Quetes/B3/Q2-DiabloLike/ArcaneNoir/Content/StarterContent/Audio/Light02.uexp" 736
"C:/Users/Anais/Documents/Quetes/B3/Q2-DiabloLike/ArcaneNoir/Content/StarterContent/Audio/Light01_Cue.uasset" 737
"C:/Users/Anais/Documents/Quetes/B3/Q2-DiabloLike/ArcaneNoir/Content/StarterContent/Audio/Light01_Cue.uexp" 738
"C:/Users/Anais/Documents/Quetes/B3/Q2-DiabloLike/ArcaneNoir/Content/StarterContent/Audio/Light01.ubulk" 739
"C:/Users/Anais/Documents/Quetes/B3/Q2-DiabloLike/ArcaneNoir/Content/StarterContent/Audio/Light01.uasset" 740
"C:/Users/Anais/Documents/Quetes/B3/Q2-DiabloLike/ArcaneNoir/Content/StarterContent/Audio/Light01.uexp" 741
"C:/Users/Anais/Documents/Quetes/B3/Q2-DiabloLike/ArcaneNoir/Content/StarterContent/Audio/Fire_Sparks01.ubulk" 742
"C:/Users/Anais/Documents/Quetes/B3/Q2-DiabloLike/ArcaneNoir/Content/StarterContent/Audio/Fire_Sparks01.uasset" 743
"C:/Users/Anais/Documents/Quetes/B3/Q2-DiabloLike/ArcaneNoir/Content/StarterContent/Audio/Fire_Sparks01.uexp" 744
"C:/Users/Anais/Documents/Quetes/B3/Q2-DiabloLike/ArcaneNoir/Content/StarterContent/Audio/Fire01.ubulk" 745
"C:/Users/Anais/Documents/Quetes/B3/Q2-DiabloLike/ArcaneNoir/Content/StarterContent/Audio/Fire01.uasset" 746
"C:/Users/Anais/Documents/Quetes/B3/Q2-DiabloLike/ArcaneNoir/Content/StarterContent/Audio/Fire01.uexp" 747
"C:/Users/Anais/Documents/Quetes/B3/Q2-DiabloLike/ArcaneNoir/Content/StarterContent/Audio/Explosion02.ubulk" 748
"C:/Users/Anais/Documents/Quetes/B3/Q2-DiabloLike/ArcaneNoir/Content/StarterContent/Audio/Explosion02.uasset" 749
"C:/Users/Anais/Documents/Quetes/B3/Q2-DiabloLike/ArcaneNoir/Content/StarterContent/Audio/Explosion02.uexp" 750
"C:/Users/Anais/Documents/Quetes/B3/Q2-DiabloLike/ArcaneNoir/Content/StarterContent/Audio/Explosion01.ubulk" 751
"C:/Users/Anais/Documents/Quetes/B3/Q2-DiabloLike/ArcaneNoir/Content/StarterContent/Audio/Explosion01.uasset" 752
"C:/Users/Anais/Documents/Quetes/B3/Q2-DiabloLike/ArcaneNoir/Content/StarterContent/Audio/Explosion01.uexp" 753
"C:/Users/Anais/Documents/Quetes/B3/Q2-DiabloLike/ArcaneNoir/Content/StarterContent/Audio/Collapse02.ubulk" 754
"C:/Users/Anais/Documents/Quetes/B3/Q2-DiabloLike/ArcaneNoir/Content/StarterContent/Audio/Collapse02.uasset" 755
"C:/Users/Anais/Documents/Quetes/B3/Q2-DiabloLike/ArcaneNoir/Content/StarterContent/Audio/Collapse02.uexp" 756
"C:/Users/Anais/Documents/Quetes/B3/Q2-DiabloLike/ArcaneNoir/Content/StarterContent/Audio/Collapse01.ubulk" 757
"C:/Users/Anais/Documents/Quetes/B3/Q2-DiabloLike/ArcaneNoir/Content/StarterContent/Audio/Collapse01.uasset" 758
"C:/Users/Anais/Documents/Quetes/B3/Q2-DiabloLike/ArcaneNoir/Content/StarterContent/Audio/Collapse01.uexp" 759
"C:/Users/Anais/Documents/Quetes/B3/Q2-DiabloLike/ArcaneNoir/Content/StarterContent/Materials/M_Basic_Wall.uasset" 760
"C:/Users/Anais/Documents/Quetes/B3/Q2-DiabloLike/ArcaneNoir/Content/StarterContent/Materials/M_Basic_Wall.uexp" 761
"C:/Users/Anais/Documents/Quetes/B3/Q2-DiabloLike/ArcaneNoir/Content/StarterContent/Architecture/Wall_Window_400x400.ubulk" 762
"C:/Users/Anais/Documents/Quetes/B3/Q2-DiabloLike/ArcaneNoir/Content/StarterContent/Architecture/Wall_Window_400x400.uasset" 763
"C:/Users/Anais/Documents/Quetes/B3/Q2-DiabloLike/ArcaneNoir/Content/StarterContent/Architecture/Wall_Window_400x400.uexp" 764
"C:/Users/Anais/Documents/Quetes/B3/Q2-DiabloLike/ArcaneNoir/Content/StarterContent/Architecture/Wall_Door_400x400.ubulk" 765
"C:/Users/Anais/Documents/Quetes/B3/Q2-DiabloLike/ArcaneNoir/Content/StarterContent/Architecture/Wall_Door_400x400.uasset" 766
"C:/Users/Anais/Documents/Quetes/B3/Q2-DiabloLike/ArcaneNoir/Content/StarterContent/Architecture/Wall_Door_400x400.uexp" 767
"C:/Users/Anais/Documents/Quetes/B3/Q2-DiabloLike/ArcaneNoir/Content/StarterContent/Architecture/Wall_500x500.ubulk" 768
"C:/Users/Anais/Documents/Quetes/B3/Q2-DiabloLike/ArcaneNoir/Content/StarterContent/Architecture/Wall_500x500.uasset" 769
"C:/Users/Anais/Documents/Quetes/B3/Q2-DiabloLike/ArcaneNoir/Content/StarterContent/Architecture/Wall_500x500.uexp" 770
"C:/Users/Anais/Documents/Quetes/B3/Q2-DiabloLike/ArcaneNoir/Content/StarterContent/Architecture/Wall_400x400.ubulk" 771
"C:/Users/Anais/Documents/Quetes/B3/Q2-DiabloLike/ArcaneNoir/Content/StarterContent/Architecture/Wall_400x400.uasset" 772
"C:/Users/Anais/Documents/Quetes/B3/Q2-DiabloLike/ArcaneNoir/Content/StarterContent/Architecture/Wall_400x400.uexp" 773
"C:/Users/Anais/Documents/Quetes/B3/Q2-DiabloLike/ArcaneNoir/Content/StarterContent/Architecture/Wall_400x300.ubulk" 774
"C:/Users/Anais/Documents/Quetes/B3/Q2-DiabloLike/ArcaneNoir/Content/StarterContent/Architecture/Wall_400x300.uasset" 775
"C:/Users/Anais/Documents/Quetes/B3/Q2-DiabloLike/ArcaneNoir/Content/StarterContent/Architecture/Wall_400x300.uexp" 776
"C:/Users/Anais/Documents/Quetes/B3/Q2-DiabloLike/ArcaneNoir/Content/StarterContent/Architecture/Pillar_50x500.ubulk" 777
"C:/Users/Anais/Documents/Quetes/B3/Q2-DiabloLike/ArcaneNoir/Content/StarterContent/Architecture/Pillar_50x500.uasset" 778
"C:/Users/Anais/Documents/Quetes/B3/Q2-DiabloLike/ArcaneNoir/Content/StarterContent/Architecture/Pillar_50x500.uexp" 779
"C:/Users/Anais/Documents/Quetes/B3/Q2-DiabloLike/ArcaneNoir/Content/LevelPrototyping/Textures/T_GridChecker_A.ubulk" 780
"C:/Users/Anais/Documents/Quetes/B3/Q2-DiabloLike/ArcaneNoir/Content/LevelPrototyping/Textures/T_GridChecker_A.uasset" 781
"C:/Users/Anais/Documents/Quetes/B3/Q2-DiabloLike/ArcaneNoir/Content/LevelPrototyping/Textures/T_GridChecker_A.uexp" 782
"../../../Engine/Content/Functions/Engine_MaterialFunctions01/Gradient/LinearGradient.uasset" 783
"../../../Engine/Content/Functions/Engine_MaterialFunctions01/Gradient/LinearGradient.uexp" 784
"../../../Engine/Content/Functions/Engine_MaterialFunctions01/ImageAdjustment/CheapContrast.uasset" 785
"../../../Engine/Content/Functions/Engine_MaterialFunctions01/ImageAdjustment/CheapContrast.uexp" 786
"C:/Users/Anais/Documents/Quetes/B3/Q2-DiabloLike/ArcaneNoir/Content/LevelPrototyping/Materials/MF_ProcGrid.uasset" 787
"C:/Users/Anais/Documents/Quetes/B3/Q2-DiabloLike/ArcaneNoir/Content/LevelPrototyping/Materials/MF_ProcGrid.uexp" 788
"C:/Users/Anais/Documents/Quetes/B3/Q2-DiabloLike/ArcaneNoir/Content/LevelPrototyping/Materials/M_PrototypeGrid.uasset" 789
"C:/Users/Anais/Documents/Quetes/B3/Q2-DiabloLike/ArcaneNoir/Content/LevelPrototyping/Materials/M_PrototypeGrid.uexp" 790
"C:/Users/Anais/Documents/Quetes/B3/Q2-DiabloLike/ArcaneNoir/Content/LevelPrototyping/Materials/MI_PrototypeGrid_Gray.uasset" 791
"C:/Users/Anais/Documents/Quetes/B3/Q2-DiabloLike/ArcaneNoir/Content/LevelPrototyping/Materials/MI_PrototypeGrid_Gray.uexp" 792
"C:/Users/Anais/Documents/Quetes/B3/Q2-DiabloLike/ArcaneNoir/Content/LevelPrototyping/Meshes/SM_Ramp.ubulk" 793
"C:/Users/Anais/Documents/Quetes/B3/Q2-DiabloLike/ArcaneNoir/Content/LevelPrototyping/Meshes/SM_Ramp.uasset" 794
"C:/Users/Anais/Documents/Quetes/B3/Q2-DiabloLike/ArcaneNoir/Content/LevelPrototyping/Meshes/SM_Ramp.uexp" 795
"C:/Users/Anais/Documents/Quetes/B3/Q2-DiabloLike/ArcaneNoir/Content/LevelPrototyping/Meshes/SM_QuarterCylinder.ubulk" 796
"C:/Users/Anais/Documents/Quetes/B3/Q2-DiabloLike/ArcaneNoir/Content/LevelPrototyping/Meshes/SM_QuarterCylinder.uasset" 797
"C:/Users/Anais/Documents/Quetes/B3/Q2-DiabloLike/ArcaneNoir/Content/LevelPrototyping/Meshes/SM_QuarterCylinder.uexp" 798
"C:/Users/Anais/Documents/Quetes/B3/Q2-DiabloLike/ArcaneNoir/Content/LevelPrototyping/Meshes/SM_Cylinder.ubulk" 799
"C:/Users/Anais/Documents/Quetes/B3/Q2-DiabloLike/ArcaneNoir/Content/LevelPrototyping/Meshes/SM_Cylinder.uasset" 800
"C:/Users/Anais/Documents/Quetes/B3/Q2-DiabloLike/ArcaneNoir/Content/LevelPrototyping/Meshes/SM_Cylinder.uexp" 801
"C:/Users/Anais/Documents/Quetes/B3/Q2-DiabloLike/ArcaneNoir/Content/LevelPrototyping/Materials/M_Solid.uasset" 802
"C:/Users/Anais/Documents/Quetes/B3/Q2-DiabloLike/ArcaneNoir/Content/LevelPrototyping/Materials/M_Solid.uexp" 803
"C:/Users/Anais/Documents/Quetes/B3/Q2-DiabloLike/ArcaneNoir/Content/LevelPrototyping/Materials/MI_Solid_Blue.uasset" 804
"C:/Users/Anais/Documents/Quetes/B3/Q2-DiabloLike/ArcaneNoir/Content/LevelPrototyping/Materials/MI_Solid_Blue.uexp" 805
"C:/Users/Anais/Documents/Quetes/B3/Q2-DiabloLike/ArcaneNoir/Content/LevelPrototyping/Meshes/SM_ChamferCube.ubulk" 806
"C:/Users/Anais/Documents/Quetes/B3/Q2-DiabloLike/ArcaneNoir/Content/LevelPrototyping/Meshes/SM_ChamferCube.uasset" 807
"C:/Users/Anais/Documents/Quetes/B3/Q2-DiabloLike/ArcaneNoir/Content/LevelPrototyping/Meshes/SM_ChamferCube.uexp" 808
"C:/Users/Anais/Documents/Quetes/B3/Q2-DiabloLike/ArcaneNoir/Content/LevelPrototyping/Materials/MI_PrototypeGrid_TopDark.uasset" 809
"C:/Users/Anais/Documents/Quetes/B3/Q2-DiabloLike/ArcaneNoir/Content/LevelPrototyping/Materials/MI_PrototypeGrid_TopDark.uexp" 810
"C:/Users/Anais/Documents/Quetes/B3/Q2-DiabloLike/ArcaneNoir/Content/LevelPrototyping/Materials/MI_PrototypeGrid_Gray_02.uasset" 811
"C:/Users/Anais/Documents/Quetes/B3/Q2-DiabloLike/ArcaneNoir/Content/LevelPrototyping/Materials/MI_PrototypeGrid_Gray_02.uexp" 812
"C:/Users/Anais/Documents/Quetes/B3/Q2-DiabloLike/ArcaneNoir/Content/Game/UI/Equipements_widget.uasset" 813
"C:/Users/Anais/Documents/Quetes/B3/Q2-DiabloLike/ArcaneNoir/Content/Game/UI/Equipements_widget.uexp" 814
"../../../Engine/Plugins/Interchange/Runtime/Content/gltf/MaterialFunctions/MF_RotateV2.uasset" 815
"../../../Engine/Plugins/Interchange/Runtime/Content/gltf/MaterialFunctions/MF_RotateV2.uexp" 816
"../../../Engine/Plugins/Interchange/Runtime/Content/gltf/MaterialFunctions/MF_TransformUVs.uasset" 817
"../../../Engine/Plugins/Interchange/Runtime/Content/gltf/MaterialFunctions/MF_TransformUVs.uexp" 818
"../../../Engine/Plugins/Interchange/Runtime/Content/gltf/Textures/T_White_srgb.uasset" 819
"../../../Engine/Plugins/Interchange/Runtime/Content/gltf/Textures/T_White_srgb.uexp" 820
"../../../Engine/Plugins/Interchange/Runtime/Content/gltf/MaterialFunctions/MF_BaseColor.uasset" 821
"../../../Engine/Plugins/Interchange/Runtime/Content/gltf/MaterialFunctions/MF_BaseColor.uexp" 822
"../../../Engine/Plugins/Interchange/Runtime/Content/gltf/MaterialBodies/MF_Unlit_Body.uasset" 823
"../../../Engine/Plugins/Interchange/Runtime/Content/gltf/MaterialBodies/MF_Unlit_Body.uexp" 824
"../../../Engine/Plugins/Interchange/Runtime/Content/gltf/M_Unlit.uasset" 825
"../../../Engine/Plugins/Interchange/Runtime/Content/gltf/M_Unlit.uexp" 826
"../../../Engine/Plugins/Interchange/Runtime/Content/gltf/MaterialInstances/MI_Unlit_Opaque_DS.uasset" 827
"../../../Engine/Plugins/Interchange/Runtime/Content/gltf/MaterialInstances/MI_Unlit_Opaque_DS.uexp" 828
"../../../Engine/Plugins/Interchange/Runtime/Content/gltf/MaterialInstances/MI_Unlit_Opaque.uasset" 829
"../../../Engine/Plugins/Interchange/Runtime/Content/gltf/MaterialInstances/MI_Unlit_Opaque.uexp" 830
"../../../Engine/Plugins/Interchange/Runtime/Content/gltf/MaterialInstances/MI_Unlit_Mask_DS.uasset" 831
"../../../Engine/Plugins/Interchange/Runtime/Content/gltf/MaterialInstances/MI_Unlit_Mask_DS.uexp" 832
"../../../Engine/Plugins/Interchange/Runtime/Content/gltf/MaterialInstances/MI_Unlit_Mask.uasset" 833
"../../../Engine/Plugins/Interchange/Runtime/Content/gltf/MaterialInstances/MI_Unlit_Mask.uexp" 834
"../../../Engine/Plugins/Interchange/Runtime/Content/gltf/MaterialInstances/MI_Unlit_Blend_DS.uasset" 835
"../../../Engine/Plugins/Interchange/Runtime/Content/gltf/MaterialInstances/MI_Unlit_Blend_DS.uexp" 836
"../../../Engine/Plugins/Interchange/Runtime/Content/gltf/MaterialInstances/MI_Unlit_Blend.uasset" 837
"../../../Engine/Plugins/Interchange/Runtime/Content/gltf/MaterialInstances/MI_Unlit_Blend.uexp" 838
"../../../Engine/Plugins/Interchange/Runtime/Content/gltf/MaterialFunctions/MF_Iridescence.uasset" 839
"../../../Engine/Plugins/Interchange/Runtime/Content/gltf/MaterialFunctions/MF_Iridescence.uexp" 840
"../../../Engine/Plugins/Interchange/Runtime/Content/gltf/Textures/T_White_Linear.uasset" 841
"../../../Engine/Plugins/Interchange/Runtime/Content/gltf/Textures/T_White_Linear.uexp" 842
"../../../Engine/Plugins/Interchange/Runtime/Content/gltf/MaterialFunctions/MF_MetallicRoughness.uasset" 843
"../../../Engine/Plugins/Interchange/Runtime/Content/gltf/MaterialFunctions/MF_MetallicRoughness.uexp" 844
"../../../Engine/Plugins/Interchange/Runtime/Content/gltf/MaterialFunctions/MF_Transmission.uasset" 845
"../../../Engine/Plugins/Interchange/Runtime/Content/gltf/MaterialFunctions/MF_Transmission.uexp" 846
"../../../Engine/Plugins/Interchange/Runtime/Content/gltf/MaterialFunctions/MF_Occlusion.uasset" 847
"../../../Engine/Plugins/Interchange/Runtime/Content/gltf/MaterialFunctions/MF_Occlusion.uexp" 848
"../../../Engine/Plugins/Interchange/Runtime/Content/gltf/MaterialFunctions/MF_Specular.uasset" 849
"../../../Engine/Plugins/Interchange/Runtime/Content/gltf/MaterialFunctions/MF_Specular.uexp" 850
"../../../Engine/Plugins/Interchange/Runtime/Content/gltf/MaterialFunctions/MF_IOR.uasset" 851
"../../../Engine/Plugins/Interchange/Runtime/Content/gltf/MaterialFunctions/MF_IOR.uexp" 852
"../../../Engine/Plugins/Interchange/Runtime/Content/gltf/MaterialFunctions/MF_RotateNormals_TS.uasset" 853
"../../../Engine/Plugins/Interchange/Runtime/Content/gltf/MaterialFunctions/MF_RotateNormals_TS.uexp" 854
"../../../Engine/Plugins/Interchange/Runtime/Content/gltf/Textures/T_Generic_N.uasset" 855
"../../../Engine/Plugins/Interchange/Runtime/Content/gltf/Textures/T_Generic_N.uexp" 856
"../../../Engine/Plugins/Interchange/Runtime/Content/gltf/MaterialFunctions/MF_Normals.uasset" 857
"../../../Engine/Plugins/Interchange/Runtime/Content/gltf/MaterialFunctions/MF_Normals.uexp" 858
"../../../Engine/Plugins/Interchange/Runtime/Content/gltf/MaterialBodies/MF_Transmission_Body.uasset" 859
"../../../Engine/Plugins/Interchange/Runtime/Content/gltf/MaterialBodies/MF_Transmission_Body.uexp" 860
"../../../Engine/Plugins/Interchange/Runtime/Content/gltf/M_Transmission.uasset" 861
"../../../Engine/Plugins/Interchange/Runtime/Content/gltf/M_Transmission.uexp" 862
"../../../Engine/Plugins/Interchange/Runtime/Content/gltf/MaterialInstances/MI_Transmission_DS.uasset" 863
"../../../Engine/Plugins/Interchange/Runtime/Content/gltf/MaterialInstances/MI_Transmission_DS.uexp" 864
"../../../Engine/Plugins/Interchange/Runtime/Content/gltf/MaterialInstances/MI_Transmission.uasset" 865
"../../../Engine/Plugins/Interchange/Runtime/Content/gltf/MaterialInstances/MI_Transmission.uexp" 866
"../../../Engine/Plugins/Interchange/Runtime/Content/gltf/MaterialFunctions/MF_DiffuseSpecGloss.uasset" 867
"../../../Engine/Plugins/Interchange/Runtime/Content/gltf/MaterialFunctions/MF_DiffuseSpecGloss.uexp" 868
"../../../Engine/Content/Functions/Engine_MaterialFunctions02/Math/AddComponents.uasset" 869
"../../../Engine/Content/Functions/Engine_MaterialFunctions02/Math/AddComponents.uexp" 870
"../../../Engine/Plugins/Interchange/Runtime/Content/gltf/MaterialFunctions/MF_PerceivedBrightness.uasset" 871
"../../../Engine/Plugins/Interchange/Runtime/Content/gltf/MaterialFunctions/MF_PerceivedBrightness.uexp" 872
"../../../Engine/Plugins/Interchange/Runtime/Content/gltf/MaterialFunctions/MF_Emissive.uasset" 873
"../../../Engine/Plugins/Interchange/Runtime/Content/gltf/MaterialFunctions/MF_Emissive.uexp" 874
"../../../Engine/Plugins/Interchange/Runtime/Content/gltf/MaterialFunctions/MF_SpecGlossToMetalRoughness.uasset" 875
"../../../Engine/Plugins/Interchange/Runtime/Content/gltf/MaterialFunctions/MF_SpecGlossToMetalRoughness.uexp" 876
"../../../Engine/Plugins/Interchange/Runtime/Content/gltf/MaterialBodies/MF_SpecularGlossiness_Body.uasset" 877
"../../../Engine/Plugins/Interchange/Runtime/Content/gltf/MaterialBodies/MF_SpecularGlossiness_Body.uexp" 878
"../../../Engine/Plugins/Interchange/Runtime/Content/gltf/M_SpecularGlossiness.uasset" 879
"../../../Engine/Plugins/Interchange/Runtime/Content/gltf/M_SpecularGlossiness.uexp" 880
"../../../Engine/Plugins/Interchange/Runtime/Content/gltf/MaterialInstances/MI_SpecularGlossiness_Opaque_DS.uasset" 881
"../../../Engine/Plugins/Interchange/Runtime/Content/gltf/MaterialInstances/MI_SpecularGlossiness_Opaque_DS.uexp" 882
"../../../Engine/Plugins/Interchange/Runtime/Content/gltf/MaterialInstances/MI_SpecularGlossiness_Opaque.uasset" 883
"../../../Engine/Plugins/Interchange/Runtime/Content/gltf/MaterialInstances/MI_SpecularGlossiness_Opaque.uexp" 884
"../../../Engine/Plugins/Interchange/Runtime/Content/gltf/MaterialInstances/MI_SpecularGlossiness_Mask_DS.uasset" 885
"../../../Engine/Plugins/Interchange/Runtime/Content/gltf/MaterialInstances/MI_SpecularGlossiness_Mask_DS.uexp" 886
"../../../Engine/Plugins/Interchange/Runtime/Content/gltf/MaterialInstances/MI_SpecularGlossiness_Mask.uasset" 887
"../../../Engine/Plugins/Interchange/Runtime/Content/gltf/MaterialInstances/MI_SpecularGlossiness_Mask.uexp" 888
"../../../Engine/Plugins/Interchange/Runtime/Content/gltf/MaterialInstances/MI_SpecularGlossiness_Blend_DS.uasset" 889
"../../../Engine/Plugins/Interchange/Runtime/Content/gltf/MaterialInstances/MI_SpecularGlossiness_Blend_DS.uexp" 890
"../../../Engine/Plugins/Interchange/Runtime/Content/gltf/MaterialInstances/MI_SpecularGlossiness_Blend.uasset" 891
"../../../Engine/Plugins/Interchange/Runtime/Content/gltf/MaterialInstances/MI_SpecularGlossiness_Blend.uexp" 892
"../../../Engine/Plugins/Interchange/Runtime/Content/gltf/MaterialFunctions/MF_Sheen.uasset" 893
"../../../Engine/Plugins/Interchange/Runtime/Content/gltf/MaterialFunctions/MF_Sheen.uexp" 894
"../../../Engine/Plugins/Interchange/Runtime/Content/gltf/MaterialBodies/MF_Sheen_Body.uasset" 895
"../../../Engine/Plugins/Interchange/Runtime/Content/gltf/MaterialBodies/MF_Sheen_Body.uexp" 896
"../../../Engine/Plugins/Interchange/Runtime/Content/gltf/M_Sheen.uasset" 897
"../../../Engine/Plugins/Interchange/Runtime/Content/gltf/M_Sheen.uexp" 898
"../../../Engine/Plugins/Interchange/Runtime/Content/gltf/MaterialInstances/MI_Sheen_Opaque_DS.uasset" 899
"../../../Engine/Plugins/Interchange/Runtime/Content/gltf/MaterialInstances/MI_Sheen_Opaque_DS.uexp" 900
"../../../Engine/Plugins/Interchange/Runtime/Content/gltf/MaterialInstances/MI_Sheen_Opaque.uasset" 901
"../../../Engine/Plugins/Interchange/Runtime/Content/gltf/MaterialInstances/MI_Sheen_Opaque.uexp" 902
"../../../Engine/Plugins/Interchange/Runtime/Content/gltf/MaterialInstances/MI_Sheen_Mask_DS.uasset" 903
"../../../Engine/Plugins/Interchange/Runtime/Content/gltf/MaterialInstances/MI_Sheen_Mask_DS.uexp" 904
"../../../Engine/Plugins/Interchange/Runtime/Content/gltf/MaterialInstances/MI_Sheen_Mask.uasset" 905
"../../../Engine/Plugins/Interchange/Runtime/Content/gltf/MaterialInstances/MI_Sheen_Mask.uexp" 906
"../../../Engine/Plugins/Interchange/Runtime/Content/gltf/MaterialInstances/MI_Sheen_Blend_DS.uasset" 907
"../../../Engine/Plugins/Interchange/Runtime/Content/gltf/MaterialInstances/MI_Sheen_Blend_DS.uexp" 908
"../../../Engine/Plugins/Interchange/Runtime/Content/gltf/MaterialInstances/MI_Sheen_Blend.uasset" 909
"../../../Engine/Plugins/Interchange/Runtime/Content/gltf/MaterialInstances/MI_Sheen_Blend.uexp" 910
"../../../Engine/Plugins/Interchange/Runtime/Content/gltf/MaterialBodies/MF_Default_Body.uasset" 911
"../../../Engine/Plugins/Interchange/Runtime/Content/gltf/MaterialBodies/MF_Default_Body.uexp" 912
"../../../Engine/Plugins/Interchange/Runtime/Content/gltf/M_Default.uasset" 913
"../../../Engine/Plugins/Interchange/Runtime/Content/gltf/M_Default.uexp" 914
"../../../Engine/Plugins/Interchange/Runtime/Content/gltf/MaterialInstances/MI_Default_Opaque_DS.uasset" 915
"../../../Engine/Plugins/Interchange/Runtime/Content/gltf/MaterialInstances/MI_Default_Opaque_DS.uexp" 916
"../../../Engine/Plugins/Interchange/Runtime/Content/gltf/MaterialInstances/MI_Default_Opaque.uasset" 917
"../../../Engine/Plugins/Interchange/Runtime/Content/gltf/MaterialInstances/MI_Default_Opaque.uexp" 918
"../../../Engine/Plugins/Interchange/Runtime/Content/gltf/MaterialInstances/MI_Default_Mask_DS.uasset" 919
"../../../Engine/Plugins/Interchange/Runtime/Content/gltf/MaterialInstances/MI_Default_Mask_DS.uexp" 920
"../../../Engine/Plugins/Interchange/Runtime/Content/gltf/MaterialInstances/MI_Default_Mask.uasset" 921
"../../../Engine/Plugins/Interchange/Runtime/Content/gltf/MaterialInstances/MI_Default_Mask.uexp" 922
"../../../Engine/Plugins/Interchange/Runtime/Content/gltf/MaterialInstances/MI_Default_Blend_DS.uasset" 923
"../../../Engine/Plugins/Interchange/Runtime/Content/gltf/MaterialInstances/MI_Default_Blend_DS.uexp" 924
"../../../Engine/Plugins/Interchange/Runtime/Content/gltf/MaterialInstances/MI_Default_Blend.uasset" 925
"../../../Engine/Plugins/Interchange/Runtime/Content/gltf/MaterialInstances/MI_Default_Blend.uexp" 926
"../../../Engine/Content/Functions/Engine_MaterialFunctions01/Texturing/FlattenNormal.uasset" 927
"../../../Engine/Content/Functions/Engine_MaterialFunctions01/Texturing/FlattenNormal.uexp" 928
"../../../Engine/Plugins/Interchange/Runtime/Content/gltf/MaterialFunctions/MF_Clearcoat.uasset" 929
"../../../Engine/Plugins/Interchange/Runtime/Content/gltf/MaterialFunctions/MF_Clearcoat.uexp" 930
"../../../Engine/Plugins/Interchange/Runtime/Content/gltf/MaterialBodies/MF_ClearCoat_Body.uasset" 931
"../../../Engine/Plugins/Interchange/Runtime/Content/gltf/MaterialBodies/MF_ClearCoat_Body.uexp" 932
"../../../Engine/Plugins/Interchange/Runtime/Content/gltf/M_ClearCoat.uasset" 933
"../../../Engine/Plugins/Interchange/Runtime/Content/gltf/M_ClearCoat.uexp" 934
"../../../Engine/Plugins/Interchange/Runtime/Content/gltf/MaterialInstances/MI_ClearCoat_Opaque_DS.uasset" 935
"../../../Engine/Plugins/Interchange/Runtime/Content/gltf/MaterialInstances/MI_ClearCoat_Opaque_DS.uexp" 936
"../../../Engine/Plugins/Interchange/Runtime/Content/gltf/MaterialInstances/MI_ClearCoat_Opaque.uasset" 937
"../../../Engine/Plugins/Interchange/Runtime/Content/gltf/MaterialInstances/MI_ClearCoat_Opaque.uexp" 938
"../../../Engine/Plugins/Interchange/Runtime/Content/gltf/MaterialInstances/MI_ClearCoat_Mask_DS.uasset" 939
"../../../Engine/Plugins/Interchange/Runtime/Content/gltf/MaterialInstances/MI_ClearCoat_Mask_DS.uexp" 940
"../../../Engine/Plugins/Interchange/Runtime/Content/gltf/MaterialInstances/MI_ClearCoat_Mask.uasset" 941
"../../../Engine/Plugins/Interchange/Runtime/Content/gltf/MaterialInstances/MI_ClearCoat_Mask.uexp" 942
"../../../Engine/Plugins/Interchange/Runtime/Content/gltf/MaterialInstances/MI_ClearCoat_Blend_DS.uasset" 943
"../../../Engine/Plugins/Interchange/Runtime/Content/gltf/MaterialInstances/MI_ClearCoat_Blend_DS.uexp" 944
"../../../Engine/Plugins/Interchange/Runtime/Content/gltf/MaterialInstances/MI_ClearCoat_Blend.uasset" 945
"../../../Engine/Plugins/Interchange/Runtime/Content/gltf/MaterialInstances/MI_ClearCoat_Blend.uexp" 946
"C:/Users/Anais/Documents/Quetes/B3/Q2-DiabloLike/ArcaneNoir/Content/Game/Maps/TopDownMap_BuiltData.ubulk" 947
"C:/Users/Anais/Documents/Quetes/B3/Q2-DiabloLike/ArcaneNoir/Content/Game/Maps/TopDownMap_BuiltData.uasset" 948
"C:/Users/Anais/Documents/Quetes/B3/Q2-DiabloLike/ArcaneNoir/Content/Game/Maps/TopDownMap_BuiltData.uexp" 949
"C:/Users/Anais/Documents/Quetes/B3/Q2-DiabloLike/ArcaneNoir/Content/Game/Input/Actions/Menus/IA_OpenSkillMenu.uasset" 950
"C:/Users/Anais/Documents/Quetes/B3/Q2-DiabloLike/ArcaneNoir/Content/Game/Input/Actions/Menus/IA_OpenSkillMenu.uexp" 951
"C:/Users/Anais/Documents/Quetes/B3/Q2-DiabloLike/ArcaneNoir/Content/Game/Input/Actions/Player/IA_UseSkillOne.uasset" 952
"C:/Users/Anais/Documents/Quetes/B3/Q2-DiabloLike/ArcaneNoir/Content/Game/Input/Actions/Player/IA_UseSkillOne.uexp" 953
"C:/Users/Anais/Documents/Quetes/B3/Q2-DiabloLike/ArcaneNoir/Content/Game/Input/Actions/Player/IA_DrinkHealthPotion.uasset" 954
"C:/Users/Anais/Documents/Quetes/B3/Q2-DiabloLike/ArcaneNoir/Content/Game/Input/Actions/Player/IA_DrinkHealthPotion.uexp" 955
"C:/Users/Anais/Documents/Quetes/B3/Q2-DiabloLike/ArcaneNoir/Content/Game/Input/Actions/Menus/IA_OpenPauseMenu.uasset" 956
"C:/Users/Anais/Documents/Quetes/B3/Q2-DiabloLike/ArcaneNoir/Content/Game/Input/Actions/Menus/IA_OpenPauseMenu.uexp" 957
"C:/Users/Anais/Documents/Quetes/B3/Q2-DiabloLike/ArcaneNoir/Content/Game/Input/Actions/Player/IA_UseSkillThree.uasset" 958
"C:/Users/Anais/Documents/Quetes/B3/Q2-DiabloLike/ArcaneNoir/Content/Game/Input/Actions/Player/IA_UseSkillThree.uexp" 959
"C:/Users/Anais/Documents/Quetes/B3/Q2-DiabloLike/ArcaneNoir/Content/Game/Input/Actions/Menus/IA_OpenStatsMenu.uasset" 960
"C:/Users/Anais/Documents/Quetes/B3/Q2-DiabloLike/ArcaneNoir/Content/Game/Input/Actions/Menus/IA_OpenStatsMenu.uexp" 961
"C:/Users/Anais/Documents/Quetes/B3/Q2-DiabloLike/ArcaneNoir/Content/Game/Input/Actions/Player/IA_SetDestination_Click.uasset" 962
"C:/Users/Anais/Documents/Quetes/B3/Q2-DiabloLike/ArcaneNoir/Content/Game/Input/Actions/Player/IA_SetDestination_Click.uexp" 963
"C:/Users/Anais/Documents/Quetes/B3/Q2-DiabloLike/ArcaneNoir/Content/Game/Input/Actions/TestInputs/IA_GiveXp.uasset" 964
"C:/Users/Anais/Documents/Quetes/B3/Q2-DiabloLike/ArcaneNoir/Content/Game/Input/Actions/TestInputs/IA_GiveXp.uexp" 965
"C:/Users/Anais/Documents/Quetes/B3/Q2-DiabloLike/ArcaneNoir/Content/Game/Input/Actions/Menus/IA_OpenInventory.uasset" 966
"C:/Users/Anais/Documents/Quetes/B3/Q2-DiabloLike/ArcaneNoir/Content/Game/Input/Actions/Menus/IA_OpenInventory.uexp" 967
"C:/Users/Anais/Documents/Quetes/B3/Q2-DiabloLike/ArcaneNoir/Content/Game/Input/Actions/Player/IA_DrinkBlackInkPotion.uasset" 968
"C:/Users/Anais/Documents/Quetes/B3/Q2-DiabloLike/ArcaneNoir/Content/Game/Input/Actions/Player/IA_DrinkBlackInkPotion.uexp" 969
"C:/Users/Anais/Documents/Quetes/B3/Q2-DiabloLike/ArcaneNoir/Content/Game/Input/Actions/Player/IA_Attack.uasset" 970
"C:/Users/Anais/Documents/Quetes/B3/Q2-DiabloLike/ArcaneNoir/Content/Game/Input/Actions/Player/IA_Attack.uexp" 971
"C:/Users/Anais/Documents/Quetes/B3/Q2-DiabloLike/ArcaneNoir/Content/Game/Input/Actions/Player/IA_UseSkillTwo.uasset" 972
"C:/Users/Anais/Documents/Quetes/B3/Q2-DiabloLike/ArcaneNoir/Content/Game/Input/Actions/Player/IA_UseSkillTwo.uexp" 973
"C:/Users/Anais/Documents/Quetes/B3/Q2-DiabloLike/ArcaneNoir/Content/Game/Input/IMC_Default.uasset" 974
"C:/Users/Anais/Documents/Quetes/B3/Q2-DiabloLike/ArcaneNoir/Content/Game/Input/IMC_Default.uexp" 975
"C:/Users/Anais/Documents/Quetes/B3/Q2-DiabloLike/ArcaneNoir/Content/Cursor/T_Arrow.uasset" 976
"C:/Users/Anais/Documents/Quetes/B3/Q2-DiabloLike/ArcaneNoir/Content/Cursor/T_Arrow.uexp" 977
"C:/Users/Anais/Documents/Quetes/B3/Q2-DiabloLike/ArcaneNoir/Content/Cursor/M_Cursor.uasset" 978
"C:/Users/Anais/Documents/Quetes/B3/Q2-DiabloLike/ArcaneNoir/Content/Cursor/M_Cursor.uexp" 979
"C:/Users/Anais/Documents/Quetes/B3/Q2-DiabloLike/ArcaneNoir/Content/Cursor/SM_CursorMesh.ubulk" 980
"C:/Users/Anais/Documents/Quetes/B3/Q2-DiabloLike/ArcaneNoir/Content/Cursor/SM_CursorMesh.uasset" 981
"C:/Users/Anais/Documents/Quetes/B3/Q2-DiabloLike/ArcaneNoir/Content/Cursor/SM_CursorMesh.uexp" 982
"C:/Users/Anais/Documents/Quetes/B3/Q2-DiabloLike/ArcaneNoir/Content/Cursor/FX_Cursor.uasset" 983
"C:/Users/Anais/Documents/Quetes/B3/Q2-DiabloLike/ArcaneNoir/Content/Cursor/FX_Cursor.uexp" 984
"C:/Users/Anais/Documents/Quetes/B3/Q2-DiabloLike/ArcaneNoir/Content/Game/Blueprints/BP_TopDownPlayerController.uasset" 985
"C:/Users/Anais/Documents/Quetes/B3/Q2-DiabloLike/ArcaneNoir/Content/Game/Blueprints/BP_TopDownPlayerController.uexp" 986
"C:/Users/Anais/Documents/Quetes/B3/Q2-DiabloLike/ArcaneNoir/Content/Characters/Mannequins/Meshes/SK_Mannequin.uasset" 987
"C:/Users/Anais/Documents/Quetes/B3/Q2-DiabloLike/ArcaneNoir/Content/Characters/Mannequins/Meshes/SK_Mannequin.uexp" 988
"../../../Engine/Content/Animation/DefaultAnimCurveCompressionSettings.uasset" 989
"../../../Engine/Content/Animation/DefaultAnimCurveCompressionSettings.uexp" 990
"../../../Engine/Content/Animation/DefaultAnimBoneCompressionSettings.uasset" 991
"../../../Engine/Content/Animation/DefaultAnimBoneCompressionSettings.uexp" 992
"C:/Users/Anais/Documents/Quetes/B3/Q2-DiabloLike/ArcaneNoir/Content/Characters/Mannequins/Animations/Quinn/MF_Run_Fwd.uasset" 993
"C:/Users/Anais/Documents/Quetes/B3/Q2-DiabloLike/ArcaneNoir/Content/Characters/Mannequins/Animations/Quinn/MF_Run_Fwd.uexp" 994
"C:/Users/Anais/Documents/Quetes/B3/Q2-DiabloLike/ArcaneNoir/Content/Characters/Mannequins/Animations/Quinn/MF_Walk_Fwd.uasset" 995
"C:/Users/Anais/Documents/Quetes/B3/Q2-DiabloLike/ArcaneNoir/Content/Characters/Mannequins/Animations/Quinn/MF_Walk_Fwd.uexp" 996
"../../../Engine/Content/Animation/DefaultRecorderBoneCompression.uasset" 997
"../../../Engine/Content/Animation/DefaultRecorderBoneCompression.uexp" 998
"C:/Users/Anais/Documents/Quetes/B3/Q2-DiabloLike/ArcaneNoir/Content/Characters/Mannequins/Animations/Manny/MM_Walk_InPlace.uasset" 999
"C:/Users/Anais/Documents/Quetes/B3/Q2-DiabloLike/ArcaneNoir/Content/Characters/Mannequins/Animations/Manny/MM_Walk_InPlace.uexp" 1000
"C:/Users/Anais/Documents/Quetes/B3/Q2-DiabloLike/ArcaneNoir/Content/Characters/Mannequins/Animations/Quinn/BS_MF_Unarmed_WalkRun.uasset" 1001
"C:/Users/Anais/Documents/Quetes/B3/Q2-DiabloLike/ArcaneNoir/Content/Characters/Mannequins/Animations/Quinn/BS_MF_Unarmed_WalkRun.uexp" 1002
"C:/Users/Anais/Documents/Quetes/B3/Q2-DiabloLike/ArcaneNoir/Content/Characters/Mannequins/Animations/Quinn/MF_Idle.uasset" 1003
"C:/Users/Anais/Documents/Quetes/B3/Q2-DiabloLike/ArcaneNoir/Content/Characters/Mannequins/Animations/Quinn/MF_Idle.uexp" 1004
"../../../Engine/Content/Animation/DefaultVariableFrameStrippingSettings.uasset" 1005
"../../../Engine/Content/Animation/DefaultVariableFrameStrippingSettings.uexp" 1006
"C:/Users/Anais/Documents/Quetes/B3/Q2-DiabloLike/ArcaneNoir/Content/Characters/Mannequins/Animations/Manny/MM_Fall_Loop.uasset" 1007
"C:/Users/Anais/Documents/Quetes/B3/Q2-DiabloLike/ArcaneNoir/Content/Characters/Mannequins/Animations/Manny/MM_Fall_Loop.uexp" 1008
"C:/Users/Anais/Documents/Quetes/B3/Q2-DiabloLike/ArcaneNoir/Content/Characters/Mannequins/Animations/Manny/MM_Jump.uasset" 1009
"C:/Users/Anais/Documents/Quetes/B3/Q2-DiabloLike/ArcaneNoir/Content/Characters/Mannequins/Animations/Manny/MM_Jump.uexp" 1010
"../../../Engine/Plugins/Animation/ControlRig/Content/Controls/DefaultGizmoLibrary.uasset" 1011
"../../../Engine/Plugins/Animation/ControlRig/Content/Controls/DefaultGizmoLibrary.uexp" 1012
"C:/Users/Anais/Documents/Quetes/B3/Q2-DiabloLike/ArcaneNoir/Content/Characters/Mannequins/Rigs/CR_Mannequin_BasicFootIK.uasset" 1013
"C:/Users/Anais/Documents/Quetes/B3/Q2-DiabloLike/ArcaneNoir/Content/Characters/Mannequins/Rigs/CR_Mannequin_BasicFootIK.uexp" 1014
"C:/Users/Anais/Documents/Quetes/B3/Q2-DiabloLike/ArcaneNoir/Content/Characters/Mannequins/Animations/Manny/MM_Run_Fwd.uasset" 1015
"C:/Users/Anais/Documents/Quetes/B3/Q2-DiabloLike/ArcaneNoir/Content/Characters/Mannequins/Animations/Manny/MM_Run_Fwd.uexp" 1016
"C:/Users/Anais/Documents/Quetes/B3/Q2-DiabloLike/ArcaneNoir/Content/Characters/Mannequins/Animations/Manny/MM_Walk_Fwd.uasset" 1017
"C:/Users/Anais/Documents/Quetes/B3/Q2-DiabloLike/ArcaneNoir/Content/Characters/Mannequins/Animations/Manny/MM_Walk_Fwd.uexp" 1018
"C:/Users/Anais/Documents/Quetes/B3/Q2-DiabloLike/ArcaneNoir/Content/Characters/Mannequins/Animations/Manny/BS_MM_WalkRun.uasset" 1019
"C:/Users/Anais/Documents/Quetes/B3/Q2-DiabloLike/ArcaneNoir/Content/Characters/Mannequins/Animations/Manny/BS_MM_WalkRun.uexp" 1020
"C:/Users/Anais/Documents/Quetes/B3/Q2-DiabloLike/ArcaneNoir/Content/Characters/Mannequins/Animations/Manny/MM_Land.uasset" 1021
"C:/Users/Anais/Documents/Quetes/B3/Q2-DiabloLike/ArcaneNoir/Content/Characters/Mannequins/Animations/Manny/MM_Land.uexp" 1022
"C:/Users/Anais/Documents/Quetes/B3/Q2-DiabloLike/ArcaneNoir/Content/Characters/Mannequins/Animations/Manny/MM_Idle.uasset" 1023
"C:/Users/Anais/Documents/Quetes/B3/Q2-DiabloLike/ArcaneNoir/Content/Characters/Mannequins/Animations/Manny/MM_Idle.uexp" 1024
"C:/Users/Anais/Documents/Quetes/B3/Q2-DiabloLike/ArcaneNoir/Content/Characters/Mannequins/Animations/ABP_Manny.uasset" 1025
"C:/Users/Anais/Documents/Quetes/B3/Q2-DiabloLike/ArcaneNoir/Content/Characters/Mannequins/Animations/ABP_Manny.uexp" 1026
"C:/Users/Anais/Documents/Quetes/B3/Q2-DiabloLike/ArcaneNoir/Content/Characters/Mannequins/Animations/ABP_Quinn.uasset" 1027
"C:/Users/Anais/Documents/Quetes/B3/Q2-DiabloLike/ArcaneNoir/Content/Characters/Mannequins/Animations/ABP_Quinn.uexp" 1028
"C:/Users/Anais/Documents/Quetes/B3/Q2-DiabloLike/ArcaneNoir/Content/Characters/Mannequins/Rigs/Poses/Quinn/Quinn_foot_l_anim.uasset" 1029
"C:/Users/Anais/Documents/Quetes/B3/Q2-DiabloLike/ArcaneNoir/Content/Characters/Mannequins/Rigs/Poses/Quinn/Quinn_foot_l_anim.uexp" 1030
"C:/Users/Anais/Documents/Quetes/B3/Q2-DiabloLike/ArcaneNoir/Content/Characters/Mannequins/Rigs/Poses/Quinn/Quinn_foot_l_pose.uasset" 1031
"C:/Users/Anais/Documents/Quetes/B3/Q2-DiabloLike/ArcaneNoir/Content/Characters/Mannequins/Rigs/Poses/Quinn/Quinn_foot_l_pose.uexp" 1032
"C:/Users/Anais/Documents/Quetes/B3/Q2-DiabloLike/ArcaneNoir/Content/Characters/Mannequins/Rigs/Poses/Quinn/Quinn_clavicle_l_anim.uasset" 1033
"C:/Users/Anais/Documents/Quetes/B3/Q2-DiabloLike/ArcaneNoir/Content/Characters/Mannequins/Rigs/Poses/Quinn/Quinn_clavicle_l_anim.uexp" 1034
"C:/Users/Anais/Documents/Quetes/B3/Q2-DiabloLike/ArcaneNoir/Content/Characters/Mannequins/Rigs/Poses/Quinn/Quinn_clavicle_l_pose.uasset" 1035
"C:/Users/Anais/Documents/Quetes/B3/Q2-DiabloLike/ArcaneNoir/Content/Characters/Mannequins/Rigs/Poses/Quinn/Quinn_clavicle_l_pose.uexp" 1036
"C:/Users/Anais/Documents/Quetes/B3/Q2-DiabloLike/ArcaneNoir/Content/Characters/Mannequins/Rigs/Poses/Quinn/Quinn_clavicle_r_anim.uasset" 1037
"C:/Users/Anais/Documents/Quetes/B3/Q2-DiabloLike/ArcaneNoir/Content/Characters/Mannequins/Rigs/Poses/Quinn/Quinn_clavicle_r_anim.uexp" 1038
"C:/Users/Anais/Documents/Quetes/B3/Q2-DiabloLike/ArcaneNoir/Content/Characters/Mannequins/Rigs/Poses/Quinn/Quinn_clavicle_r_pose.uasset" 1039
"C:/Users/Anais/Documents/Quetes/B3/Q2-DiabloLike/ArcaneNoir/Content/Characters/Mannequins/Rigs/Poses/Quinn/Quinn_clavicle_r_pose.uexp" 1040
"C:/Users/Anais/Documents/Quetes/B3/Q2-DiabloLike/ArcaneNoir/Content/Characters/Mannequins/Rigs/Poses/Quinn/Quinn_upperarm_l_anim.uasset" 1041
"C:/Users/Anais/Documents/Quetes/B3/Q2-DiabloLike/ArcaneNoir/Content/Characters/Mannequins/Rigs/Poses/Quinn/Quinn_upperarm_l_anim.uexp" 1042
"C:/Users/Anais/Documents/Quetes/B3/Q2-DiabloLike/ArcaneNoir/Content/Characters/Mannequins/Rigs/Poses/Quinn/Quinn_upperarm_l_pose.uasset" 1043
"C:/Users/Anais/Documents/Quetes/B3/Q2-DiabloLike/ArcaneNoir/Content/Characters/Mannequins/Rigs/Poses/Quinn/Quinn_upperarm_l_pose.uexp" 1044
"C:/Users/Anais/Documents/Quetes/B3/Q2-DiabloLike/ArcaneNoir/Content/Characters/Mannequins/Rigs/Poses/Quinn/Quinn_lowerarm_l_anim.uasset" 1045
"C:/Users/Anais/Documents/Quetes/B3/Q2-DiabloLike/ArcaneNoir/Content/Characters/Mannequins/Rigs/Poses/Quinn/Quinn_lowerarm_l_anim.uexp" 1046
"C:/Users/Anais/Documents/Quetes/B3/Q2-DiabloLike/ArcaneNoir/Content/Characters/Mannequins/Rigs/Poses/Quinn/Quinn_lowerarm_l_pose.uasset" 1047
"C:/Users/Anais/Documents/Quetes/B3/Q2-DiabloLike/ArcaneNoir/Content/Characters/Mannequins/Rigs/Poses/Quinn/Quinn_lowerarm_l_pose.uexp" 1048
"C:/Users/Anais/Documents/Quetes/B3/Q2-DiabloLike/ArcaneNoir/Content/Characters/Mannequins/Rigs/Poses/Quinn/Quinn_calf_l_anim.uasset" 1049
"C:/Users/Anais/Documents/Quetes/B3/Q2-DiabloLike/ArcaneNoir/Content/Characters/Mannequins/Rigs/Poses/Quinn/Quinn_calf_l_anim.uexp" 1050
"C:/Users/Anais/Documents/Quetes/B3/Q2-DiabloLike/ArcaneNoir/Content/Characters/Mannequins/Rigs/Poses/Quinn/Quinn_calf_l_pose.uasset" 1051
"C:/Users/Anais/Documents/Quetes/B3/Q2-DiabloLike/ArcaneNoir/Content/Characters/Mannequins/Rigs/Poses/Quinn/Quinn_calf_l_pose.uexp" 1052
"C:/Users/Anais/Documents/Quetes/B3/Q2-DiabloLike/ArcaneNoir/Content/Characters/Mannequins/Rigs/CR_Mannequin_Procedural.uasset" 1053
"C:/Users/Anais/Documents/Quetes/B3/Q2-DiabloLike/ArcaneNoir/Content/Characters/Mannequins/Rigs/CR_Mannequin_Procedural.uexp" 1054
"C:/Users/Anais/Documents/Quetes/B3/Q2-DiabloLike/ArcaneNoir/Content/Characters/Mannequins/Rigs/Poses/Quinn/Quinn_upperarm_r_anim.uasset" 1055
"C:/Users/Anais/Documents/Quetes/B3/Q2-DiabloLike/ArcaneNoir/Content/Characters/Mannequins/Rigs/Poses/Quinn/Quinn_upperarm_r_anim.uexp" 1056
"C:/Users/Anais/Documents/Quetes/B3/Q2-DiabloLike/ArcaneNoir/Content/Characters/Mannequins/Rigs/Poses/Quinn/Quinn_upperarm_r_pose.uasset" 1057
"C:/Users/Anais/Documents/Quetes/B3/Q2-DiabloLike/ArcaneNoir/Content/Characters/Mannequins/Rigs/Poses/Quinn/Quinn_upperarm_r_pose.uexp" 1058
"C:/Users/Anais/Documents/Quetes/B3/Q2-DiabloLike/ArcaneNoir/Content/Characters/Mannequins/Rigs/Poses/Quinn/Quinn_calf_r_anim.uasset" 1059
"C:/Users/Anais/Documents/Quetes/B3/Q2-DiabloLike/ArcaneNoir/Content/Characters/Mannequins/Rigs/Poses/Quinn/Quinn_calf_r_anim.uexp" 1060
"C:/Users/Anais/Documents/Quetes/B3/Q2-DiabloLike/ArcaneNoir/Content/Characters/Mannequins/Rigs/Poses/Quinn/Quinn_calf_r_pose.uasset" 1061
"C:/Users/Anais/Documents/Quetes/B3/Q2-DiabloLike/ArcaneNoir/Content/Characters/Mannequins/Rigs/Poses/Quinn/Quinn_calf_r_pose.uexp" 1062
"C:/Users/Anais/Documents/Quetes/B3/Q2-DiabloLike/ArcaneNoir/Content/Characters/Mannequins/Rigs/Poses/Quinn/Quinn_foot_r_anim.uasset" 1063
"C:/Users/Anais/Documents/Quetes/B3/Q2-DiabloLike/ArcaneNoir/Content/Characters/Mannequins/Rigs/Poses/Quinn/Quinn_foot_r_anim.uexp" 1064
"C:/Users/Anais/Documents/Quetes/B3/Q2-DiabloLike/ArcaneNoir/Content/Characters/Mannequins/Rigs/Poses/Quinn/Quinn_foot_r_pose.uasset" 1065
"C:/Users/Anais/Documents/Quetes/B3/Q2-DiabloLike/ArcaneNoir/Content/Characters/Mannequins/Rigs/Poses/Quinn/Quinn_foot_r_pose.uexp" 1066
"C:/Users/Anais/Documents/Quetes/B3/Q2-DiabloLike/ArcaneNoir/Content/Characters/Mannequins/Rigs/Poses/Quinn/Quinn_lowerarm_r_anim.uasset" 1067
"C:/Users/Anais/Documents/Quetes/B3/Q2-DiabloLike/ArcaneNoir/Content/Characters/Mannequins/Rigs/Poses/Quinn/Quinn_lowerarm_r_anim.uexp" 1068
"C:/Users/Anais/Documents/Quetes/B3/Q2-DiabloLike/ArcaneNoir/Content/Characters/Mannequins/Rigs/Poses/Quinn/Quinn_lowerarm_r_pose.uasset" 1069
"C:/Users/Anais/Documents/Quetes/B3/Q2-DiabloLike/ArcaneNoir/Content/Characters/Mannequins/Rigs/Poses/Quinn/Quinn_lowerarm_r_pose.uexp" 1070
"C:/Users/Anais/Documents/Quetes/B3/Q2-DiabloLike/ArcaneNoir/Content/Characters/Mannequins/Rigs/Poses/Quinn/Quinn_thigh_l_anim.uasset" 1071
"C:/Users/Anais/Documents/Quetes/B3/Q2-DiabloLike/ArcaneNoir/Content/Characters/Mannequins/Rigs/Poses/Quinn/Quinn_thigh_l_anim.uexp" 1072
"C:/Users/Anais/Documents/Quetes/B3/Q2-DiabloLike/ArcaneNoir/Content/Characters/Mannequins/Rigs/Poses/Quinn/Quinn_thigh_l_pose.uasset" 1073
"C:/Users/Anais/Documents/Quetes/B3/Q2-DiabloLike/ArcaneNoir/Content/Characters/Mannequins/Rigs/Poses/Quinn/Quinn_thigh_l_pose.uexp" 1074
"C:/Users/Anais/Documents/Quetes/B3/Q2-DiabloLike/ArcaneNoir/Content/Characters/Mannequins/Rigs/Poses/Quinn/Quinn_thigh_r_anim.uasset" 1075
"C:/Users/Anais/Documents/Quetes/B3/Q2-DiabloLike/ArcaneNoir/Content/Characters/Mannequins/Rigs/Poses/Quinn/Quinn_thigh_r_anim.uexp" 1076
"C:/Users/Anais/Documents/Quetes/B3/Q2-DiabloLike/ArcaneNoir/Content/Characters/Mannequins/Rigs/Poses/Quinn/Quinn_thigh_r_pose.uasset" 1077
"C:/Users/Anais/Documents/Quetes/B3/Q2-DiabloLike/ArcaneNoir/Content/Characters/Mannequins/Rigs/Poses/Quinn/Quinn_thigh_r_pose.uexp" 1078
"C:/Users/Anais/Documents/Quetes/B3/Q2-DiabloLike/ArcaneNoir/Content/Characters/Mannequins/Rigs/Poses/Quinn/Quinn_hand_l_anim.uasset" 1079
"C:/Users/Anais/Documents/Quetes/B3/Q2-DiabloLike/ArcaneNoir/Content/Characters/Mannequins/Rigs/Poses/Quinn/Quinn_hand_l_anim.uexp" 1080
"C:/Users/Anais/Documents/Quetes/B3/Q2-DiabloLike/ArcaneNoir/Content/Characters/Mannequins/Rigs/Poses/Quinn/Quinn_hand_l_pose.uasset" 1081
"C:/Users/Anais/Documents/Quetes/B3/Q2-DiabloLike/ArcaneNoir/Content/Characters/Mannequins/Rigs/Poses/Quinn/Quinn_hand_l_pose.uexp" 1082
"C:/Users/Anais/Documents/Quetes/B3/Q2-DiabloLike/ArcaneNoir/Content/Characters/Mannequins/Rigs/Poses/Quinn/Quinn_hand_r_anim.uasset" 1083
"C:/Users/Anais/Documents/Quetes/B3/Q2-DiabloLike/ArcaneNoir/Content/Characters/Mannequins/Rigs/Poses/Quinn/Quinn_hand_r_anim.uexp" 1084
"C:/Users/Anais/Documents/Quetes/B3/Q2-DiabloLike/ArcaneNoir/Content/Characters/Mannequins/Rigs/Poses/Quinn/Quinn_hand_r_pose.uasset" 1085
"C:/Users/Anais/Documents/Quetes/B3/Q2-DiabloLike/ArcaneNoir/Content/Characters/Mannequins/Rigs/Poses/Quinn/Quinn_hand_r_pose.uexp" 1086
"C:/Users/Anais/Documents/Quetes/B3/Q2-DiabloLike/ArcaneNoir/Content/Characters/Mannequins/Rigs/ABP_Quinn_PostProcess.uasset" 1087
"C:/Users/Anais/Documents/Quetes/B3/Q2-DiabloLike/ArcaneNoir/Content/Characters/Mannequins/Rigs/ABP_Quinn_PostProcess.uexp" 1088
"C:/Users/Anais/Documents/Quetes/B3/Q2-DiabloLike/ArcaneNoir/Content/Characters/Mannequins/Textures/Quinn/T_Quinn_02ID_MSR_MSK.ubulk" 1089
"C:/Users/Anais/Documents/Quetes/B3/Q2-DiabloLike/ArcaneNoir/Content/Characters/Mannequins/Textures/Quinn/T_Quinn_02ID_MSR_MSK.uasset" 1090
"C:/Users/Anais/Documents/Quetes/B3/Q2-DiabloLike/ArcaneNoir/Content/Characters/Mannequins/Textures/Quinn/T_Quinn_02ID_MSR_MSK.uexp" 1091
"C:/Users/Anais/Documents/Quetes/B3/Q2-DiabloLike/ArcaneNoir/Content/Characters/Mannequins/Textures/Quinn/T_Quinn_02ID_BN.ubulk" 1092
"C:/Users/Anais/Documents/Quetes/B3/Q2-DiabloLike/ArcaneNoir/Content/Characters/Mannequins/Textures/Quinn/T_Quinn_02ID_BN.uasset" 1093
"C:/Users/Anais/Documents/Quetes/B3/Q2-DiabloLike/ArcaneNoir/Content/Characters/Mannequins/Textures/Quinn/T_Quinn_02ID_BN.uexp" 1094
"C:/Users/Anais/Documents/Quetes/B3/Q2-DiabloLike/ArcaneNoir/Content/Characters/Mannequins/Textures/Quinn/T_Quinn_02_ASAOMASK_MSK.ubulk" 1095
"C:/Users/Anais/Documents/Quetes/B3/Q2-DiabloLike/ArcaneNoir/Content/Characters/Mannequins/Textures/Quinn/T_Quinn_02_ASAOMASK_MSK.uasset" 1096
"C:/Users/Anais/Documents/Quetes/B3/Q2-DiabloLike/ArcaneNoir/Content/Characters/Mannequins/Textures/Quinn/T_Quinn_02_ASAOMASK_MSK.uexp" 1097
"C:/Users/Anais/Documents/Quetes/B3/Q2-DiabloLike/ArcaneNoir/Content/Characters/Mannequins/Textures/Quinn/T_Quinn_02_CCRCCPlastic_MSK.ubulk" 1098
"C:/Users/Anais/Documents/Quetes/B3/Q2-DiabloLike/ArcaneNoir/Content/Characters/Mannequins/Textures/Quinn/T_Quinn_02_CCRCCPlastic_MSK.uasset" 1099
"C:/Users/Anais/Documents/Quetes/B3/Q2-DiabloLike/ArcaneNoir/Content/Characters/Mannequins/Textures/Quinn/T_Quinn_02_CCRCCPlastic_MSK.uexp" 1100
"C:/Users/Anais/Documents/Quetes/B3/Q2-DiabloLike/ArcaneNoir/Content/Characters/Mannequins/Textures/Quinn/T_Quinn_02ID_Tan.ubulk" 1101
"C:/Users/Anais/Documents/Quetes/B3/Q2-DiabloLike/ArcaneNoir/Content/Characters/Mannequins/Textures/Quinn/T_Quinn_02ID_Tan.uasset" 1102
"C:/Users/Anais/Documents/Quetes/B3/Q2-DiabloLike/ArcaneNoir/Content/Characters/Mannequins/Textures/Quinn/T_Quinn_02ID_Tan.uexp" 1103
"C:/Users/Anais/Documents/Quetes/B3/Q2-DiabloLike/ArcaneNoir/Content/Characters/Mannequins/Textures/Quinn/T_Quinn_02ID_D.ubulk" 1104
"C:/Users/Anais/Documents/Quetes/B3/Q2-DiabloLike/ArcaneNoir/Content/Characters/Mannequins/Textures/Quinn/T_Quinn_02ID_D.uasset" 1105
"C:/Users/Anais/Documents/Quetes/B3/Q2-DiabloLike/ArcaneNoir/Content/Characters/Mannequins/Textures/Quinn/T_Quinn_02ID_D.uexp" 1106
"C:/Users/Anais/Documents/Quetes/B3/Q2-DiabloLike/ArcaneNoir/Content/Characters/Mannequins/Textures/Quinn/T_Quinn_01ID_MSR_MSK.ubulk" 1107
"C:/Users/Anais/Documents/Quetes/B3/Q2-DiabloLike/ArcaneNoir/Content/Characters/Mannequins/Textures/Quinn/T_Quinn_01ID_MSR_MSK.uasset" 1108
"C:/Users/Anais/Documents/Quetes/B3/Q2-DiabloLike/ArcaneNoir/Content/Characters/Mannequins/Textures/Quinn/T_Quinn_01ID_MSR_MSK.uexp" 1109
"C:/Users/Anais/Documents/Quetes/B3/Q2-DiabloLike/ArcaneNoir/Content/Characters/Mannequins/Materials/Functions/ChromaticCurve.uasset" 1110
"C:/Users/Anais/Documents/Quetes/B3/Q2-DiabloLike/ArcaneNoir/Content/Characters/Mannequins/Materials/Functions/ChromaticCurve.uexp" 1111
"C:/Users/Anais/Documents/Quetes/B3/Q2-DiabloLike/ArcaneNoir/Content/Characters/Mannequins/Materials/Functions/CA_Mannequin.uasset" 1112
"C:/Users/Anais/Documents/Quetes/B3/Q2-DiabloLike/ArcaneNoir/Content/Characters/Mannequins/Materials/Functions/CA_Mannequin.uexp" 1113
"C:/Users/Anais/Documents/Quetes/B3/Q2-DiabloLike/ArcaneNoir/Content/Characters/Mannequins/Materials/Functions/MF_Diffraction.uasset" 1114
"C:/Users/Anais/Documents/Quetes/B3/Q2-DiabloLike/ArcaneNoir/Content/Characters/Mannequins/Materials/Functions/MF_Diffraction.uexp" 1115
"C:/Users/Anais/Documents/Quetes/B3/Q2-DiabloLike/ArcaneNoir/Content/Characters/Mannequins/Textures/Manny/T_Manny_01_N.ubulk" 1116
"C:/Users/Anais/Documents/Quetes/B3/Q2-DiabloLike/ArcaneNoir/Content/Characters/Mannequins/Textures/Manny/T_Manny_01_N.uasset" 1117
"C:/Users/Anais/Documents/Quetes/B3/Q2-DiabloLike/ArcaneNoir/Content/Characters/Mannequins/Textures/Manny/T_Manny_01_N.uexp" 1118
"C:/Users/Anais/Documents/Quetes/B3/Q2-DiabloLike/ArcaneNoir/Content/Characters/Mannequins/Materials/Functions/ML_BaseColorFallOff.uasset" 1119
"C:/Users/Anais/Documents/Quetes/B3/Q2-DiabloLike/ArcaneNoir/Content/Characters/Mannequins/Materials/Functions/ML_BaseColorFallOff.uexp" 1120
"../../../Engine/Content/Functions/Engine_MaterialFunctions01/Texturing/ScaleUVsByCenter.uasset" 1121
"../../../Engine/Content/Functions/Engine_MaterialFunctions01/Texturing/ScaleUVsByCenter.uexp" 1122
"C:/Users/Anais/Documents/Quetes/B3/Q2-DiabloLike/ArcaneNoir/Content/Characters/Mannequins/Textures/Shared/T_UE_Logo_M.uasset" 1123
"C:/Users/Anais/Documents/Quetes/B3/Q2-DiabloLike/ArcaneNoir/Content/Characters/Mannequins/Textures/Shared/T_UE_Logo_M.uexp" 1124
"C:/Users/Anais/Documents/Quetes/B3/Q2-DiabloLike/ArcaneNoir/Content/Characters/Mannequins/Materials/Functions/MF_logo3layers.uasset" 1125
"C:/Users/Anais/Documents/Quetes/B3/Q2-DiabloLike/ArcaneNoir/Content/Characters/Mannequins/Materials/Functions/MF_logo3layers.uexp" 1126
"C:/Users/Anais/Documents/Quetes/B3/Q2-DiabloLike/ArcaneNoir/Content/Characters/Mannequins/Textures/Manny/T_Manny_01_CCRCCPlastic_MSK.ubulk" 1127
"C:/Users/Anais/Documents/Quetes/B3/Q2-DiabloLike/ArcaneNoir/Content/Characters/Mannequins/Textures/Manny/T_Manny_01_CCRCCPlastic_MSK.uasset" 1128
"C:/Users/Anais/Documents/Quetes/B3/Q2-DiabloLike/ArcaneNoir/Content/Characters/Mannequins/Textures/Manny/T_Manny_01_CCRCCPlastic_MSK.uexp" 1129
"C:/Users/Anais/Documents/Quetes/B3/Q2-DiabloLike/ArcaneNoir/Content/Characters/Mannequins/Textures/Manny/T_Manny_01_ASAOPMASK_MSK.ubulk" 1130
"C:/Users/Anais/Documents/Quetes/B3/Q2-DiabloLike/ArcaneNoir/Content/Characters/Mannequins/Textures/Manny/T_Manny_01_ASAOPMASK_MSK.uasset" 1131
"C:/Users/Anais/Documents/Quetes/B3/Q2-DiabloLike/ArcaneNoir/Content/Characters/Mannequins/Textures/Manny/T_Manny_01_ASAOPMASK_MSK.uexp" 1132
"C:/Users/Anais/Documents/Quetes/B3/Q2-DiabloLike/ArcaneNoir/Content/Characters/Mannequins/Textures/Manny/T_Manny_01_MSR_MSK.ubulk" 1133
"C:/Users/Anais/Documents/Quetes/B3/Q2-DiabloLike/ArcaneNoir/Content/Characters/Mannequins/Textures/Manny/T_Manny_01_MSR_MSK.uasset" 1134
"C:/Users/Anais/Documents/Quetes/B3/Q2-DiabloLike/ArcaneNoir/Content/Characters/Mannequins/Textures/Manny/T_Manny_01_MSR_MSK.uexp" 1135
"C:/Users/Anais/Documents/Quetes/B3/Q2-DiabloLike/ArcaneNoir/Content/Characters/Mannequins/Textures/Manny/T_Manny_01_BN.ubulk" 1136
"C:/Users/Anais/Documents/Quetes/B3/Q2-DiabloLike/ArcaneNoir/Content/Characters/Mannequins/Textures/Manny/T_Manny_01_BN.uasset" 1137
"C:/Users/Anais/Documents/Quetes/B3/Q2-DiabloLike/ArcaneNoir/Content/Characters/Mannequins/Textures/Manny/T_Manny_01_BN.uexp" 1138
"C:/Users/Anais/Documents/Quetes/B3/Q2-DiabloLike/ArcaneNoir/Content/Characters/Mannequins/Textures/Manny/T_Manny_01_D.ubulk" 1139
"C:/Users/Anais/Documents/Quetes/B3/Q2-DiabloLike/ArcaneNoir/Content/Characters/Mannequins/Textures/Manny/T_Manny_01_D.uasset" 1140
"C:/Users/Anais/Documents/Quetes/B3/Q2-DiabloLike/ArcaneNoir/Content/Characters/Mannequins/Textures/Manny/T_Manny_01_D.uexp" 1141
"C:/Users/Anais/Documents/Quetes/B3/Q2-DiabloLike/ArcaneNoir/Content/Characters/Mannequins/Textures/Manny/T_Manny_01_Tan.ubulk" 1142
"C:/Users/Anais/Documents/Quetes/B3/Q2-DiabloLike/ArcaneNoir/Content/Characters/Mannequins/Textures/Manny/T_Manny_01_Tan.uasset" 1143
"C:/Users/Anais/Documents/Quetes/B3/Q2-DiabloLike/ArcaneNoir/Content/Characters/Mannequins/Textures/Manny/T_Manny_01_Tan.uexp" 1144
"C:/Users/Anais/Documents/Quetes/B3/Q2-DiabloLike/ArcaneNoir/Content/Characters/Mannequins/Materials/M_Mannequin.uasset" 1145
"C:/Users/Anais/Documents/Quetes/B3/Q2-DiabloLike/ArcaneNoir/Content/Characters/Mannequins/Materials/M_Mannequin.uexp" 1146
"C:/Users/Anais/Documents/Quetes/B3/Q2-DiabloLike/ArcaneNoir/Content/Characters/Mannequins/Textures/Quinn/T_Quinn_01_ASAOMASK_MSK.ubulk" 1147
"C:/Users/Anais/Documents/Quetes/B3/Q2-DiabloLike/ArcaneNoir/Content/Characters/Mannequins/Textures/Quinn/T_Quinn_01_ASAOMASK_MSK.uasset" 1148
"C:/Users/Anais/Documents/Quetes/B3/Q2-DiabloLike/ArcaneNoir/Content/Characters/Mannequins/Textures/Quinn/T_Quinn_01_ASAOMASK_MSK.uexp" 1149
"C:/Users/Anais/Documents/Quetes/B3/Q2-DiabloLike/ArcaneNoir/Content/Characters/Mannequins/Textures/Quinn/T_Quinn_01ID_N.ubulk" 1150
"C:/Users/Anais/Documents/Quetes/B3/Q2-DiabloLike/ArcaneNoir/Content/Characters/Mannequins/Textures/Quinn/T_Quinn_01ID_N.uasset" 1151
"C:/Users/Anais/Documents/Quetes/B3/Q2-DiabloLike/ArcaneNoir/Content/Characters/Mannequins/Textures/Quinn/T_Quinn_01ID_N.uexp" 1152
"C:/Users/Anais/Documents/Quetes/B3/Q2-DiabloLike/ArcaneNoir/Content/Characters/Mannequins/Textures/Quinn/T_Quinn_01ID_BN.ubulk" 1153
"C:/Users/Anais/Documents/Quetes/B3/Q2-DiabloLike/ArcaneNoir/Content/Characters/Mannequins/Textures/Quinn/T_Quinn_01ID_BN.uasset" 1154
"C:/Users/Anais/Documents/Quetes/B3/Q2-DiabloLike/ArcaneNoir/Content/Characters/Mannequins/Textures/Quinn/T_Quinn_01ID_BN.uexp" 1155
"C:/Users/Anais/Documents/Quetes/B3/Q2-DiabloLike/ArcaneNoir/Content/Characters/Mannequins/Textures/Quinn/T_Quinn_01ID_D.ubulk" 1156
"C:/Users/Anais/Documents/Quetes/B3/Q2-DiabloLike/ArcaneNoir/Content/Characters/Mannequins/Textures/Quinn/T_Quinn_01ID_D.uasset" 1157
"C:/Users/Anais/Documents/Quetes/B3/Q2-DiabloLike/ArcaneNoir/Content/Characters/Mannequins/Textures/Quinn/T_Quinn_01ID_D.uexp" 1158
"C:/Users/Anais/Documents/Quetes/B3/Q2-DiabloLike/ArcaneNoir/Content/Characters/Mannequins/Textures/Quinn/T_Quinn_01ID_Tan.ubulk" 1159
"C:/Users/Anais/Documents/Quetes/B3/Q2-DiabloLike/ArcaneNoir/Content/Characters/Mannequins/Textures/Quinn/T_Quinn_01ID_Tan.uasset" 1160
"C:/Users/Anais/Documents/Quetes/B3/Q2-DiabloLike/ArcaneNoir/Content/Characters/Mannequins/Textures/Quinn/T_Quinn_01ID_Tan.uexp" 1161
"C:/Users/Anais/Documents/Quetes/B3/Q2-DiabloLike/ArcaneNoir/Content/Characters/Mannequins/Textures/Quinn/T_Quinn_01_CCRCCPlastic_MSK.ubulk" 1162
"C:/Users/Anais/Documents/Quetes/B3/Q2-DiabloLike/ArcaneNoir/Content/Characters/Mannequins/Textures/Quinn/T_Quinn_01_CCRCCPlastic_MSK.uasset" 1163
"C:/Users/Anais/Documents/Quetes/B3/Q2-DiabloLike/ArcaneNoir/Content/Characters/Mannequins/Textures/Quinn/T_Quinn_01_CCRCCPlastic_MSK.uexp" 1164
"C:/Users/Anais/Documents/Quetes/B3/Q2-DiabloLike/ArcaneNoir/Content/Characters/Mannequins/Materials/Instances/Quinn/MI_Quinn_01.uasset" 1165
"C:/Users/Anais/Documents/Quetes/B3/Q2-DiabloLike/ArcaneNoir/Content/Characters/Mannequins/Materials/Instances/Quinn/MI_Quinn_01.uexp" 1166
"C:/Users/Anais/Documents/Quetes/B3/Q2-DiabloLike/ArcaneNoir/Content/Characters/Mannequins/Textures/Quinn/T_Quinn_02ID_N.ubulk" 1167
"C:/Users/Anais/Documents/Quetes/B3/Q2-DiabloLike/ArcaneNoir/Content/Characters/Mannequins/Textures/Quinn/T_Quinn_02ID_N.uasset" 1168
"C:/Users/Anais/Documents/Quetes/B3/Q2-DiabloLike/ArcaneNoir/Content/Characters/Mannequins/Textures/Quinn/T_Quinn_02ID_N.uexp" 1169
"C:/Users/Anais/Documents/Quetes/B3/Q2-DiabloLike/ArcaneNoir/Content/Characters/Mannequins/Materials/Instances/Quinn/MI_Quinn_02.uasset" 1170
"C:/Users/Anais/Documents/Quetes/B3/Q2-DiabloLike/ArcaneNoir/Content/Characters/Mannequins/Materials/Instances/Quinn/MI_Quinn_02.uexp" 1171
"C:/Users/Anais/Documents/Quetes/B3/Q2-DiabloLike/ArcaneNoir/Content/Characters/Mannequins/Rigs/PA_Mannequin.uasset" 1172
"C:/Users/Anais/Documents/Quetes/B3/Q2-DiabloLike/ArcaneNoir/Content/Characters/Mannequins/Rigs/PA_Mannequin.uexp" 1173
"C:/Users/Anais/Documents/Quetes/B3/Q2-DiabloLike/ArcaneNoir/Content/Characters/Mannequins/Meshes/SKM_Quinn.uasset" 1174
"C:/Users/Anais/Documents/Quetes/B3/Q2-DiabloLike/ArcaneNoir/Content/Characters/Mannequins/Meshes/SKM_Quinn.uexp" 1175
"C:/Users/Anais/Documents/Quetes/B3/Q2-DiabloLike/ArcaneNoir/Content/Game/Blueprints/BP_TopDownCharacter.uasset" 1176
"C:/Users/Anais/Documents/Quetes/B3/Q2-DiabloLike/ArcaneNoir/Content/Game/Blueprints/BP_TopDownCharacter.uexp" 1177
"C:/Users/Anais/Documents/Quetes/B3/Q2-DiabloLike/ArcaneNoir/Content/Game/Blueprints/BP_ArcaneNoirCharacter.uasset" 1178
"C:/Users/Anais/Documents/Quetes/B3/Q2-DiabloLike/ArcaneNoir/Content/Game/Blueprints/BP_ArcaneNoirCharacter.uexp" 1179
"C:/Users/Anais/Documents/Quetes/B3/Q2-DiabloLike/ArcaneNoir/Content/Game/UI/ItemInfos_Widget.uasset" 1180
"C:/Users/Anais/Documents/Quetes/B3/Q2-DiabloLike/ArcaneNoir/Content/Game/UI/ItemInfos_Widget.uexp" 1181
"C:/Users/Anais/Documents/Quetes/B3/Q2-DiabloLike/ArcaneNoir/Content/Game/UI/AttributeRequired_widget.uasset" 1182
"C:/Users/Anais/Documents/Quetes/B3/Q2-DiabloLike/ArcaneNoir/Content/Game/UI/AttributeRequired_widget.uexp" 1183
"C:/Users/Anais/Documents/Quetes/B3/Q2-DiabloLike/ArcaneNoir/Content/Game/UI/Item_widget.uasset" 1184
"C:/Users/Anais/Documents/Quetes/B3/Q2-DiabloLike/ArcaneNoir/Content/Game/UI/Item_widget.uexp" 1185
"C:/Users/Anais/Documents/Quetes/B3/Q2-DiabloLike/ArcaneNoir/Content/Game/UI/Line.uasset" 1186
"C:/Users/Anais/Documents/Quetes/B3/Q2-DiabloLike/ArcaneNoir/Content/Game/UI/Line.uexp" 1187
"C:/Users/Anais/Documents/Quetes/B3/Q2-DiabloLike/ArcaneNoir/Content/Game/UI/SB_Color.uasset" 1188
"C:/Users/Anais/Documents/Quetes/B3/Q2-DiabloLike/ArcaneNoir/Content/Game/UI/SB_Color.uexp" 1189
"C:/Users/Anais/Documents/Quetes/B3/Q2-DiabloLike/ArcaneNoir/Content/Game/UI/InventoryGrid_widget.uasset" 1190
"C:/Users/Anais/Documents/Quetes/B3/Q2-DiabloLike/ArcaneNoir/Content/Game/UI/InventoryGrid_widget.uexp" 1191
"C:/Users/Anais/Documents/Quetes/B3/Q2-DiabloLike/ArcaneNoir/Content/Game/UI/Inventory_widget.uasset" 1192
"C:/Users/Anais/Documents/Quetes/B3/Q2-DiabloLike/ArcaneNoir/Content/Game/UI/Inventory_widget.uexp" 1193
"C:/Users/Anais/Documents/Quetes/B3/Q2-DiabloLike/ArcaneNoir/Content/Game/UI/Characteristics/PlayerInfo_widget.uasset" 1194
"C:/Users/Anais/Documents/Quetes/B3/Q2-DiabloLike/ArcaneNoir/Content/Game/UI/Characteristics/PlayerInfo_widget.uexp" 1195
"C:/Users/Anais/Documents/Quetes/B3/Q2-DiabloLike/ArcaneNoir/Content/Game/Blueprints/BP_ArcaneNoirPlayerController.uasset" 1196
"C:/Users/Anais/Documents/Quetes/B3/Q2-DiabloLike/ArcaneNoir/Content/Game/Blueprints/BP_ArcaneNoirPlayerController.uexp" 1197
"C:/Users/Anais/Documents/Quetes/B3/Q2-DiabloLike/ArcaneNoir/Content/Game/UI/HUD/GameHUD_widget.uasset" 1198
"C:/Users/Anais/Documents/Quetes/B3/Q2-DiabloLike/ArcaneNoir/Content/Game/UI/HUD/GameHUD_widget.uexp" 1199
"C:/Users/Anais/Documents/Quetes/B3/Q2-DiabloLike/ArcaneNoir/Content/Game/UI/ArcaneNoir_HUD.uasset" 1200
"C:/Users/Anais/Documents/Quetes/B3/Q2-DiabloLike/ArcaneNoir/Content/Game/UI/ArcaneNoir_HUD.uexp" 1201
"C:/Users/Anais/Documents/Quetes/B3/Q2-DiabloLike/ArcaneNoir/Content/Game/Blueprints/BP_ArcaneNoirGameMode.uasset" 1202
"C:/Users/Anais/Documents/Quetes/B3/Q2-DiabloLike/ArcaneNoir/Content/Game/Blueprints/BP_ArcaneNoirGameMode.uexp" 1203
"C:/Users/Anais/Documents/Quetes/B3/Q2-DiabloLike/ArcaneNoir/Content/Game/Blueprints/BP_ArcaneNoirEnemyAIController.uasset" 1204
"C:/Users/Anais/Documents/Quetes/B3/Q2-DiabloLike/ArcaneNoir/Content/Game/Blueprints/BP_ArcaneNoirEnemyAIController.uexp" 1205
"C:/Users/Anais/Documents/Quetes/B3/Q2-DiabloLike/ArcaneNoir/Content/Characters/Mannequins/Rigs/Poses/Manny/Manny_foot_l_anim.uasset" 1206
"C:/Users/Anais/Documents/Quetes/B3/Q2-DiabloLike/ArcaneNoir/Content/Characters/Mannequins/Rigs/Poses/Manny/Manny_foot_l_anim.uexp" 1207
"C:/Users/Anais/Documents/Quetes/B3/Q2-DiabloLike/ArcaneNoir/Content/Characters/Mannequins/Rigs/Poses/Manny/Manny_foot_l_pose.uasset" 1208
"C:/Users/Anais/Documents/Quetes/B3/Q2-DiabloLike/ArcaneNoir/Content/Characters/Mannequins/Rigs/Poses/Manny/Manny_foot_l_pose.uexp" 1209
"C:/Users/Anais/Documents/Quetes/B3/Q2-DiabloLike/ArcaneNoir/Content/Characters/Mannequins/Rigs/Poses/Manny/Manny_thigh_r_anim.uasset" 1210
"C:/Users/Anais/Documents/Quetes/B3/Q2-DiabloLike/ArcaneNoir/Content/Characters/Mannequins/Rigs/Poses/Manny/Manny_thigh_r_anim.uexp" 1211
"C:/Users/Anais/Documents/Quetes/B3/Q2-DiabloLike/ArcaneNoir/Content/Characters/Mannequins/Rigs/Poses/Manny/Manny_thigh_r_pose.uasset" 1212
"C:/Users/Anais/Documents/Quetes/B3/Q2-DiabloLike/ArcaneNoir/Content/Characters/Mannequins/Rigs/Poses/Manny/Manny_thigh_r_pose.uexp" 1213
"C:/Users/Anais/Documents/Quetes/B3/Q2-DiabloLike/ArcaneNoir/Content/Characters/Mannequins/Rigs/Poses/Manny/Manny_hand_r_anim.uasset" 1214
"C:/Users/Anais/Documents/Quetes/B3/Q2-DiabloLike/ArcaneNoir/Content/Characters/Mannequins/Rigs/Poses/Manny/Manny_hand_r_anim.uexp" 1215
"C:/Users/Anais/Documents/Quetes/B3/Q2-DiabloLike/ArcaneNoir/Content/Characters/Mannequins/Rigs/Poses/Manny/Manny_hand_r_pose.uasset" 1216
"C:/Users/Anais/Documents/Quetes/B3/Q2-DiabloLike/ArcaneNoir/Content/Characters/Mannequins/Rigs/Poses/Manny/Manny_hand_r_pose.uexp" 1217
"C:/Users/Anais/Documents/Quetes/B3/Q2-DiabloLike/ArcaneNoir/Content/Characters/Mannequins/Rigs/Poses/Manny/Manny_clavicle_l_anim.uasset" 1218
"C:/Users/Anais/Documents/Quetes/B3/Q2-DiabloLike/ArcaneNoir/Content/Characters/Mannequins/Rigs/Poses/Manny/Manny_clavicle_l_anim.uexp" 1219
"C:/Users/Anais/Documents/Quetes/B3/Q2-DiabloLike/ArcaneNoir/Content/Characters/Mannequins/Rigs/Poses/Manny/Manny_clavicle_l_pose.uasset" 1220
"C:/Users/Anais/Documents/Quetes/B3/Q2-DiabloLike/ArcaneNoir/Content/Characters/Mannequins/Rigs/Poses/Manny/Manny_clavicle_l_pose.uexp" 1221
"C:/Users/Anais/Documents/Quetes/B3/Q2-DiabloLike/ArcaneNoir/Content/Characters/Mannequins/Rigs/Poses/Manny/Manny_calf_l_anim.uasset" 1222
"C:/Users/Anais/Documents/Quetes/B3/Q2-DiabloLike/ArcaneNoir/Content/Characters/Mannequins/Rigs/Poses/Manny/Manny_calf_l_anim.uexp" 1223
"C:/Users/Anais/Documents/Quetes/B3/Q2-DiabloLike/ArcaneNoir/Content/Characters/Mannequins/Rigs/Poses/Manny/Manny_calf_l_pose.uasset" 1224
"C:/Users/Anais/Documents/Quetes/B3/Q2-DiabloLike/ArcaneNoir/Content/Characters/Mannequins/Rigs/Poses/Manny/Manny_calf_l_pose.uexp" 1225
"C:/Users/Anais/Documents/Quetes/B3/Q2-DiabloLike/ArcaneNoir/Content/Characters/Mannequins/Rigs/Poses/Manny/Manny_hand_l_anim.uasset" 1226
"C:/Users/Anais/Documents/Quetes/B3/Q2-DiabloLike/ArcaneNoir/Content/Characters/Mannequins/Rigs/Poses/Manny/Manny_hand_l_anim.uexp" 1227
"C:/Users/Anais/Documents/Quetes/B3/Q2-DiabloLike/ArcaneNoir/Content/Characters/Mannequins/Rigs/Poses/Manny/Manny_hand_l_pose.uasset" 1228
"C:/Users/Anais/Documents/Quetes/B3/Q2-DiabloLike/ArcaneNoir/Content/Characters/Mannequins/Rigs/Poses/Manny/Manny_hand_l_pose.uexp" 1229
"C:/Users/Anais/Documents/Quetes/B3/Q2-DiabloLike/ArcaneNoir/Content/Characters/Mannequins/Rigs/Poses/Manny/Manny_upperarm_r_anim.uasset" 1230
"C:/Users/Anais/Documents/Quetes/B3/Q2-DiabloLike/ArcaneNoir/Content/Characters/Mannequins/Rigs/Poses/Manny/Manny_upperarm_r_anim.uexp" 1231
"C:/Users/Anais/Documents/Quetes/B3/Q2-DiabloLike/ArcaneNoir/Content/Characters/Mannequins/Rigs/Poses/Manny/Manny_upperarm_r_pose.uasset" 1232
"C:/Users/Anais/Documents/Quetes/B3/Q2-DiabloLike/ArcaneNoir/Content/Characters/Mannequins/Rigs/Poses/Manny/Manny_upperarm_r_pose.uexp" 1233
"C:/Users/Anais/Documents/Quetes/B3/Q2-DiabloLike/ArcaneNoir/Content/Characters/Mannequins/Rigs/Poses/Manny/Manny_lowerarm_r_anim.uasset" 1234
"C:/Users/Anais/Documents/Quetes/B3/Q2-DiabloLike/ArcaneNoir/Content/Characters/Mannequins/Rigs/Poses/Manny/Manny_lowerarm_r_anim.uexp" 1235
"C:/Users/Anais/Documents/Quetes/B3/Q2-DiabloLike/ArcaneNoir/Content/Characters/Mannequins/Rigs/Poses/Manny/Manny_lowerarm_r_pose.uasset" 1236
"C:/Users/Anais/Documents/Quetes/B3/Q2-DiabloLike/ArcaneNoir/Content/Characters/Mannequins/Rigs/Poses/Manny/Manny_lowerarm_r_pose.uexp" 1237
"C:/Users/Anais/Documents/Quetes/B3/Q2-DiabloLike/ArcaneNoir/Content/Characters/Mannequins/Rigs/Poses/Manny/Manny_calf_r_anim.uasset" 1238
"C:/Users/Anais/Documents/Quetes/B3/Q2-DiabloLike/ArcaneNoir/Content/Characters/Mannequins/Rigs/Poses/Manny/Manny_calf_r_anim.uexp" 1239
"C:/Users/Anais/Documents/Quetes/B3/Q2-DiabloLike/ArcaneNoir/Content/Characters/Mannequins/Rigs/Poses/Manny/Manny_calf_r_pose.uasset" 1240
"C:/Users/Anais/Documents/Quetes/B3/Q2-DiabloLike/ArcaneNoir/Content/Characters/Mannequins/Rigs/Poses/Manny/Manny_calf_r_pose.uexp" 1241
"C:/Users/Anais/Documents/Quetes/B3/Q2-DiabloLike/ArcaneNoir/Content/Characters/Mannequins/Rigs/Poses/Manny/Manny_foot_r_anim.uasset" 1242
"C:/Users/Anais/Documents/Quetes/B3/Q2-DiabloLike/ArcaneNoir/Content/Characters/Mannequins/Rigs/Poses/Manny/Manny_foot_r_anim.uexp" 1243
"C:/Users/Anais/Documents/Quetes/B3/Q2-DiabloLike/ArcaneNoir/Content/Characters/Mannequins/Rigs/Poses/Manny/Manny_foot_r_pose.uasset" 1244
"C:/Users/Anais/Documents/Quetes/B3/Q2-DiabloLike/ArcaneNoir/Content/Characters/Mannequins/Rigs/Poses/Manny/Manny_foot_r_pose.uexp" 1245
"C:/Users/Anais/Documents/Quetes/B3/Q2-DiabloLike/ArcaneNoir/Content/Characters/Mannequins/Rigs/Poses/Manny/Manny_lowerarm_l_anim.uasset" 1246
"C:/Users/Anais/Documents/Quetes/B3/Q2-DiabloLike/ArcaneNoir/Content/Characters/Mannequins/Rigs/Poses/Manny/Manny_lowerarm_l_anim.uexp" 1247
"C:/Users/Anais/Documents/Quetes/B3/Q2-DiabloLike/ArcaneNoir/Content/Characters/Mannequins/Rigs/Poses/Manny/Manny_lowerarm_l_pose.uasset" 1248
"C:/Users/Anais/Documents/Quetes/B3/Q2-DiabloLike/ArcaneNoir/Content/Characters/Mannequins/Rigs/Poses/Manny/Manny_lowerarm_l_pose.uexp" 1249
"C:/Users/Anais/Documents/Quetes/B3/Q2-DiabloLike/ArcaneNoir/Content/Characters/Mannequins/Rigs/Poses/Manny/Manny_clavicle_r_anim.uasset" 1250
"C:/Users/Anais/Documents/Quetes/B3/Q2-DiabloLike/ArcaneNoir/Content/Characters/Mannequins/Rigs/Poses/Manny/Manny_clavicle_r_anim.uexp" 1251
"C:/Users/Anais/Documents/Quetes/B3/Q2-DiabloLike/ArcaneNoir/Content/Characters/Mannequins/Rigs/Poses/Manny/Manny_clavicle_r_pose.uasset" 1252
"C:/Users/Anais/Documents/Quetes/B3/Q2-DiabloLike/ArcaneNoir/Content/Characters/Mannequins/Rigs/Poses/Manny/Manny_clavicle_r_pose.uexp" 1253
"C:/Users/Anais/Documents/Quetes/B3/Q2-DiabloLike/ArcaneNoir/Content/Characters/Mannequins/Rigs/Poses/Manny/Manny_thigh_l_anim.uasset" 1254
"C:/Users/Anais/Documents/Quetes/B3/Q2-DiabloLike/ArcaneNoir/Content/Characters/Mannequins/Rigs/Poses/Manny/Manny_thigh_l_anim.uexp" 1255
"C:/Users/Anais/Documents/Quetes/B3/Q2-DiabloLike/ArcaneNoir/Content/Characters/Mannequins/Rigs/Poses/Manny/Manny_thigh_l_pose.uasset" 1256
"C:/Users/Anais/Documents/Quetes/B3/Q2-DiabloLike/ArcaneNoir/Content/Characters/Mannequins/Rigs/Poses/Manny/Manny_thigh_l_pose.uexp" 1257
"C:/Users/Anais/Documents/Quetes/B3/Q2-DiabloLike/ArcaneNoir/Content/Characters/Mannequins/Rigs/Poses/Manny/Manny_upperarm_l_anim.uasset" 1258
"C:/Users/Anais/Documents/Quetes/B3/Q2-DiabloLike/ArcaneNoir/Content/Characters/Mannequins/Rigs/Poses/Manny/Manny_upperarm_l_anim.uexp" 1259
"C:/Users/Anais/Documents/Quetes/B3/Q2-DiabloLike/ArcaneNoir/Content/Characters/Mannequins/Rigs/Poses/Manny/Manny_upperarm_l_pose.uasset" 1260
"C:/Users/Anais/Documents/Quetes/B3/Q2-DiabloLike/ArcaneNoir/Content/Characters/Mannequins/Rigs/Poses/Manny/Manny_upperarm_l_pose.uexp" 1261
"C:/Users/Anais/Documents/Quetes/B3/Q2-DiabloLike/ArcaneNoir/Content/Characters/Mannequins/Rigs/ABP_Manny_PostProcess.uasset" 1262
"C:/Users/Anais/Documents/Quetes/B3/Q2-DiabloLike/ArcaneNoir/Content/Characters/Mannequins/Rigs/ABP_Manny_PostProcess.uexp" 1263
"C:/Users/Anais/Documents/Quetes/B3/Q2-DiabloLike/ArcaneNoir/Content/Characters/Mannequins/Textures/Manny/T_Manny_02_MSR_MSK.ubulk" 1264
"C:/Users/Anais/Documents/Quetes/B3/Q2-DiabloLike/ArcaneNoir/Content/Characters/Mannequins/Textures/Manny/T_Manny_02_MSR_MSK.uasset" 1265
"C:/Users/Anais/Documents/Quetes/B3/Q2-DiabloLike/ArcaneNoir/Content/Characters/Mannequins/Textures/Manny/T_Manny_02_MSR_MSK.uexp" 1266
"C:/Users/Anais/Documents/Quetes/B3/Q2-DiabloLike/ArcaneNoir/Content/Characters/Mannequins/Textures/Manny/T_Manny_02_CCRCCPlastic_MSK.ubulk" 1267
"C:/Users/Anais/Documents/Quetes/B3/Q2-DiabloLike/ArcaneNoir/Content/Characters/Mannequins/Textures/Manny/T_Manny_02_CCRCCPlastic_MSK.uasset" 1268
"C:/Users/Anais/Documents/Quetes/B3/Q2-DiabloLike/ArcaneNoir/Content/Characters/Mannequins/Textures/Manny/T_Manny_02_CCRCCPlastic_MSK.uexp" 1269
"C:/Users/Anais/Documents/Quetes/B3/Q2-DiabloLike/ArcaneNoir/Content/Characters/Mannequins/Textures/Manny/T_Manny_02_Tan.ubulk" 1270
"C:/Users/Anais/Documents/Quetes/B3/Q2-DiabloLike/ArcaneNoir/Content/Characters/Mannequins/Textures/Manny/T_Manny_02_Tan.uasset" 1271
"C:/Users/Anais/Documents/Quetes/B3/Q2-DiabloLike/ArcaneNoir/Content/Characters/Mannequins/Textures/Manny/T_Manny_02_Tan.uexp" 1272
"C:/Users/Anais/Documents/Quetes/B3/Q2-DiabloLike/ArcaneNoir/Content/Characters/Mannequins/Textures/Manny/T_Manny_02_N.ubulk" 1273
"C:/Users/Anais/Documents/Quetes/B3/Q2-DiabloLike/ArcaneNoir/Content/Characters/Mannequins/Textures/Manny/T_Manny_02_N.uasset" 1274
"C:/Users/Anais/Documents/Quetes/B3/Q2-DiabloLike/ArcaneNoir/Content/Characters/Mannequins/Textures/Manny/T_Manny_02_N.uexp" 1275
"C:/Users/Anais/Documents/Quetes/B3/Q2-DiabloLike/ArcaneNoir/Content/Characters/Mannequins/Materials/Instances/Manny/MI_Manny_01.uasset" 1276
"C:/Users/Anais/Documents/Quetes/B3/Q2-DiabloLike/ArcaneNoir/Content/Characters/Mannequins/Materials/Instances/Manny/MI_Manny_01.uexp" 1277
"C:/Users/Anais/Documents/Quetes/B3/Q2-DiabloLike/ArcaneNoir/Content/Characters/Mannequins/Textures/Manny/T_Manny_02_BN.ubulk" 1278
"C:/Users/Anais/Documents/Quetes/B3/Q2-DiabloLike/ArcaneNoir/Content/Characters/Mannequins/Textures/Manny/T_Manny_02_BN.uasset" 1279
"C:/Users/Anais/Documents/Quetes/B3/Q2-DiabloLike/ArcaneNoir/Content/Characters/Mannequins/Textures/Manny/T_Manny_02_BN.uexp" 1280
"C:/Users/Anais/Documents/Quetes/B3/Q2-DiabloLike/ArcaneNoir/Content/Characters/Mannequins/Textures/Manny/T_Manny_02_ASAOPMASK_MSK.ubulk" 1281
"C:/Users/Anais/Documents/Quetes/B3/Q2-DiabloLike/ArcaneNoir/Content/Characters/Mannequins/Textures/Manny/T_Manny_02_ASAOPMASK_MSK.uasset" 1282
"C:/Users/Anais/Documents/Quetes/B3/Q2-DiabloLike/ArcaneNoir/Content/Characters/Mannequins/Textures/Manny/T_Manny_02_ASAOPMASK_MSK.uexp" 1283
"C:/Users/Anais/Documents/Quetes/B3/Q2-DiabloLike/ArcaneNoir/Content/Characters/Mannequins/Textures/Manny/T_Manny_02_D.ubulk" 1284
"C:/Users/Anais/Documents/Quetes/B3/Q2-DiabloLike/ArcaneNoir/Content/Characters/Mannequins/Textures/Manny/T_Manny_02_D.uasset" 1285
"C:/Users/Anais/Documents/Quetes/B3/Q2-DiabloLike/ArcaneNoir/Content/Characters/Mannequins/Textures/Manny/T_Manny_02_D.uexp" 1286
"C:/Users/Anais/Documents/Quetes/B3/Q2-DiabloLike/ArcaneNoir/Content/Characters/Mannequins/Materials/Instances/Manny/MI_Manny_02.uasset" 1287
"C:/Users/Anais/Documents/Quetes/B3/Q2-DiabloLike/ArcaneNoir/Content/Characters/Mannequins/Materials/Instances/Manny/MI_Manny_02.uexp" 1288
"C:/Users/Anais/Documents/Quetes/B3/Q2-DiabloLike/ArcaneNoir/Content/Characters/Mannequins/Meshes/SKM_Manny.uasset" 1289
"C:/Users/Anais/Documents/Quetes/B3/Q2-DiabloLike/ArcaneNoir/Content/Characters/Mannequins/Meshes/SKM_Manny.uexp" 1290
"../../../Engine/Content/BasicShapes/Cube.ubulk" 1291
"../../../Engine/Content/BasicShapes/Cube.uasset" 1292
"../../../Engine/Content/BasicShapes/Cube.uexp" 1293
"C:/Users/Anais/Documents/Quetes/B3/Q2-DiabloLike/ArcaneNoir/Content/Game/Items/Icons/Weapons/SwordCane.uasset" 1294
"C:/Users/Anais/Documents/Quetes/B3/Q2-DiabloLike/ArcaneNoir/Content/Game/Items/Icons/Weapons/SwordCane.uexp" 1295
"C:/Users/Anais/Documents/Quetes/B3/Q2-DiabloLike/ArcaneNoir/Content/Game/Items/Blueprints/BP_SwordCaneActor.uasset" 1296
"C:/Users/Anais/Documents/Quetes/B3/Q2-DiabloLike/ArcaneNoir/Content/Game/Items/Blueprints/BP_SwordCaneActor.uexp" 1297
"C:/Users/Anais/Documents/Quetes/B3/Q2-DiabloLike/ArcaneNoir/Content/Game/UI/Enemy/EnemyLevel_widget.uasset" 1298
"C:/Users/Anais/Documents/Quetes/B3/Q2-DiabloLike/ArcaneNoir/Content/Game/UI/Enemy/EnemyLevel_widget.uexp" 1299
"C:/Users/Anais/Documents/Quetes/B3/Q2-DiabloLike/ArcaneNoir/Content/Game/UI/Enemy/DamageRecieved_widget.uasset" 1300
"C:/Users/Anais/Documents/Quetes/B3/Q2-DiabloLike/ArcaneNoir/Content/Game/UI/Enemy/DamageRecieved_widget.uexp" 1301
"C:/Users/Anais/Documents/Quetes/B3/Q2-DiabloLike/ArcaneNoir/Content/Game/AI/BB_ArcaneNoirEnemy.uasset" 1302
"C:/Users/Anais/Documents/Quetes/B3/Q2-DiabloLike/ArcaneNoir/Content/Game/AI/BB_ArcaneNoirEnemy.uexp" 1303
"C:/Users/Anais/Documents/Quetes/B3/Q2-DiabloLike/ArcaneNoir/Content/Game/AI/BT_ArcaneNoirEnemy.uasset" 1304
"C:/Users/Anais/Documents/Quetes/B3/Q2-DiabloLike/ArcaneNoir/Content/Game/AI/BT_ArcaneNoirEnemy.uexp" 1305
"C:/Users/Anais/Documents/Quetes/B3/Q2-DiabloLike/ArcaneNoir/Content/Game/Blueprints/BP_ArcaneNoirEnemy.uasset" 1306
"C:/Users/Anais/Documents/Quetes/B3/Q2-DiabloLike/ArcaneNoir/Content/Game/Blueprints/BP_ArcaneNoirEnemy.uexp" 1307
"C:/Users/Anais/Documents/Quetes/B3/Q2-DiabloLike/ArcaneNoir/Content/StarterContent/Shapes/Shape_WideCapsule.ubulk" 1308
"C:/Users/Anais/Documents/Quetes/B3/Q2-DiabloLike/ArcaneNoir/Content/StarterContent/Shapes/Shape_WideCapsule.uasset" 1309
"C:/Users/Anais/Documents/Quetes/B3/Q2-DiabloLike/ArcaneNoir/Content/StarterContent/Shapes/Shape_WideCapsule.uexp" 1310
"C:/Users/Anais/Documents/Quetes/B3/Q2-DiabloLike/ArcaneNoir/Content/StarterContent/Shapes/Shape_Wedge_B.ubulk" 1311
"C:/Users/Anais/Documents/Quetes/B3/Q2-DiabloLike/ArcaneNoir/Content/StarterContent/Shapes/Shape_Wedge_B.uasset" 1312
"C:/Users/Anais/Documents/Quetes/B3/Q2-DiabloLike/ArcaneNoir/Content/StarterContent/Shapes/Shape_Wedge_B.uexp" 1313
"C:/Users/Anais/Documents/Quetes/B3/Q2-DiabloLike/ArcaneNoir/Content/StarterContent/Shapes/Shape_Wedge_A.ubulk" 1314
"C:/Users/Anais/Documents/Quetes/B3/Q2-DiabloLike/ArcaneNoir/Content/StarterContent/Shapes/Shape_Wedge_A.uasset" 1315
"C:/Users/Anais/Documents/Quetes/B3/Q2-DiabloLike/ArcaneNoir/Content/StarterContent/Shapes/Shape_Wedge_A.uexp" 1316
"C:/Users/Anais/Documents/Quetes/B3/Q2-DiabloLike/ArcaneNoir/Content/StarterContent/Shapes/Shape_Tube.ubulk" 1317
"C:/Users/Anais/Documents/Quetes/B3/Q2-DiabloLike/ArcaneNoir/Content/StarterContent/Shapes/Shape_Tube.uasset" 1318
"C:/Users/Anais/Documents/Quetes/B3/Q2-DiabloLike/ArcaneNoir/Content/StarterContent/Shapes/Shape_Tube.uexp" 1319
"C:/Users/Anais/Documents/Quetes/B3/Q2-DiabloLike/ArcaneNoir/Content/StarterContent/Shapes/Shape_TriPyramid.ubulk" 1320
"C:/Users/Anais/Documents/Quetes/B3/Q2-DiabloLike/ArcaneNoir/Content/StarterContent/Shapes/Shape_TriPyramid.uasset" 1321
"C:/Users/Anais/Documents/Quetes/B3/Q2-DiabloLike/ArcaneNoir/Content/StarterContent/Shapes/Shape_TriPyramid.uexp" 1322
"C:/Users/Anais/Documents/Quetes/B3/Q2-DiabloLike/ArcaneNoir/Content/StarterContent/Shapes/Shape_Trim_90_Out.ubulk" 1323
"C:/Users/Anais/Documents/Quetes/B3/Q2-DiabloLike/ArcaneNoir/Content/StarterContent/Shapes/Shape_Trim_90_Out.uasset" 1324
"C:/Users/Anais/Documents/Quetes/B3/Q2-DiabloLike/ArcaneNoir/Content/StarterContent/Shapes/Shape_Trim_90_Out.uexp" 1325
"C:/Users/Anais/Documents/Quetes/B3/Q2-DiabloLike/ArcaneNoir/Content/StarterContent/Shapes/Shape_Trim_90_In.ubulk" 1326
"C:/Users/Anais/Documents/Quetes/B3/Q2-DiabloLike/ArcaneNoir/Content/StarterContent/Shapes/Shape_Trim_90_In.uasset" 1327
"C:/Users/Anais/Documents/Quetes/B3/Q2-DiabloLike/ArcaneNoir/Content/StarterContent/Shapes/Shape_Trim_90_In.uexp" 1328
"C:/Users/Anais/Documents/Quetes/B3/Q2-DiabloLike/ArcaneNoir/Content/StarterContent/Shapes/Shape_Trim.ubulk" 1329
"C:/Users/Anais/Documents/Quetes/B3/Q2-DiabloLike/ArcaneNoir/Content/StarterContent/Shapes/Shape_Trim.uasset" 1330
"C:/Users/Anais/Documents/Quetes/B3/Q2-DiabloLike/ArcaneNoir/Content/StarterContent/Shapes/Shape_Trim.uexp" 1331
"C:/Users/Anais/Documents/Quetes/B3/Q2-DiabloLike/ArcaneNoir/Content/StarterContent/Shapes/Shape_Torus.ubulk" 1332
"C:/Users/Anais/Documents/Quetes/B3/Q2-DiabloLike/ArcaneNoir/Content/StarterContent/Shapes/Shape_Torus.uasset" 1333
"C:/Users/Anais/Documents/Quetes/B3/Q2-DiabloLike/ArcaneNoir/Content/StarterContent/Shapes/Shape_Torus.uexp" 1334
"C:/Users/Anais/Documents/Quetes/B3/Q2-DiabloLike/ArcaneNoir/Content/StarterContent/Shapes/Shape_Plane.ubulk" 1335
"C:/Users/Anais/Documents/Quetes/B3/Q2-DiabloLike/ArcaneNoir/Content/StarterContent/Shapes/Shape_Plane.uasset" 1336
"C:/Users/Anais/Documents/Quetes/B3/Q2-DiabloLike/ArcaneNoir/Content/StarterContent/Shapes/Shape_Plane.uexp" 1337
"C:/Users/Anais/Documents/Quetes/B3/Q2-DiabloLike/ArcaneNoir/Content/StarterContent/Shapes/Shape_Pipe_90.ubulk" 1338
"C:/Users/Anais/Documents/Quetes/B3/Q2-DiabloLike/ArcaneNoir/Content/StarterContent/Shapes/Shape_Pipe_90.uasset" 1339
"C:/Users/Anais/Documents/Quetes/B3/Q2-DiabloLike/ArcaneNoir/Content/StarterContent/Shapes/Shape_Pipe_90.uexp" 1340
"C:/Users/Anais/Documents/Quetes/B3/Q2-DiabloLike/ArcaneNoir/Content/StarterContent/Shapes/Shape_Pipe_180.ubulk" 1341
"C:/Users/Anais/Documents/Quetes/B3/Q2-DiabloLike/ArcaneNoir/Content/StarterContent/Shapes/Shape_Pipe_180.uasset" 1342
"C:/Users/Anais/Documents/Quetes/B3/Q2-DiabloLike/ArcaneNoir/Content/StarterContent/Shapes/Shape_Pipe_180.uexp" 1343
"C:/Users/Anais/Documents/Quetes/B3/Q2-DiabloLike/ArcaneNoir/Content/StarterContent/Shapes/Shape_Pipe.ubulk" 1344
"C:/Users/Anais/Documents/Quetes/B3/Q2-DiabloLike/ArcaneNoir/Content/StarterContent/Shapes/Shape_Pipe.uasset" 1345
"C:/Users/Anais/Documents/Quetes/B3/Q2-DiabloLike/ArcaneNoir/Content/StarterContent/Shapes/Shape_Pipe.uexp" 1346
"C:/Users/Anais/Documents/Quetes/B3/Q2-DiabloLike/ArcaneNoir/Content/StarterContent/Shapes/Shape_NarrowCapsule.ubulk" 1347
"C:/Users/Anais/Documents/Quetes/B3/Q2-DiabloLike/ArcaneNoir/Content/StarterContent/Shapes/Shape_NarrowCapsule.uasset" 1348
"C:/Users/Anais/Documents/Quetes/B3/Q2-DiabloLike/ArcaneNoir/Content/StarterContent/Shapes/Shape_NarrowCapsule.uexp" 1349
"C:/Users/Anais/Documents/Quetes/B3/Q2-DiabloLike/ArcaneNoir/Content/StarterContent/Shapes/Shape_Cylinder.ubulk" 1350
"C:/Users/Anais/Documents/Quetes/B3/Q2-DiabloLike/ArcaneNoir/Content/StarterContent/Shapes/Shape_Cylinder.uasset" 1351
"C:/Users/Anais/Documents/Quetes/B3/Q2-DiabloLike/ArcaneNoir/Content/StarterContent/Shapes/Shape_Cylinder.uexp" 1352
"C:/Users/Anais/Documents/Quetes/B3/Q2-DiabloLike/ArcaneNoir/Content/StarterContent/Shapes/Shape_Cone.ubulk" 1353
"C:/Users/Anais/Documents/Quetes/B3/Q2-DiabloLike/ArcaneNoir/Content/StarterContent/Shapes/Shape_Cone.uasset" 1354
"C:/Users/Anais/Documents/Quetes/B3/Q2-DiabloLike/ArcaneNoir/Content/StarterContent/Shapes/Shape_Cone.uexp" 1355
"C:/Users/Anais/Documents/Quetes/B3/Q2-DiabloLike/ArcaneNoir/Content/StarterContent/Materials/M_Basic_Floor.uasset" 1356
"C:/Users/Anais/Documents/Quetes/B3/Q2-DiabloLike/ArcaneNoir/Content/StarterContent/Materials/M_Basic_Floor.uexp" 1357
"C:/Users/Anais/Documents/Quetes/B3/Q2-DiabloLike/ArcaneNoir/Content/StarterContent/Props/SM_Stairs.ubulk" 1358
"C:/Users/Anais/Documents/Quetes/B3/Q2-DiabloLike/ArcaneNoir/Content/StarterContent/Props/SM_Stairs.uasset" 1359
"C:/Users/Anais/Documents/Quetes/B3/Q2-DiabloLike/ArcaneNoir/Content/StarterContent/Props/SM_Stairs.uexp" 1360
"C:/Users/Anais/Documents/Quetes/B3/Q2-DiabloLike/ArcaneNoir/Content/StarterContent/Textures/T_Shelf_N.ubulk" 1361
"C:/Users/Anais/Documents/Quetes/B3/Q2-DiabloLike/ArcaneNoir/Content/StarterContent/Textures/T_Shelf_N.uasset" 1362
"C:/Users/Anais/Documents/Quetes/B3/Q2-DiabloLike/ArcaneNoir/Content/StarterContent/Textures/T_Shelf_N.uexp" 1363
"C:/Users/Anais/Documents/Quetes/B3/Q2-DiabloLike/ArcaneNoir/Content/StarterContent/Textures/T_Shelf_M.ubulk" 1364
"C:/Users/Anais/Documents/Quetes/B3/Q2-DiabloLike/ArcaneNoir/Content/StarterContent/Textures/T_Shelf_M.uasset" 1365
"C:/Users/Anais/Documents/Quetes/B3/Q2-DiabloLike/ArcaneNoir/Content/StarterContent/Textures/T_Shelf_M.uexp" 1366
"C:/Users/Anais/Documents/Quetes/B3/Q2-DiabloLike/ArcaneNoir/Content/StarterContent/Props/Materials/M_Shelf.uasset" 1367
"C:/Users/Anais/Documents/Quetes/B3/Q2-DiabloLike/ArcaneNoir/Content/StarterContent/Props/Materials/M_Shelf.uexp" 1368
"C:/Users/Anais/Documents/Quetes/B3/Q2-DiabloLike/ArcaneNoir/Content/StarterContent/Props/SM_Shelf.ubulk" 1369
"C:/Users/Anais/Documents/Quetes/B3/Q2-DiabloLike/ArcaneNoir/Content/StarterContent/Props/SM_Shelf.uasset" 1370
"C:/Users/Anais/Documents/Quetes/B3/Q2-DiabloLike/ArcaneNoir/Content/StarterContent/Props/SM_Shelf.uexp" 1371
"../../../Engine/Content/Functions/Engine_MaterialFunctions02/Utility/BlendAngleCorrectedNormals.uasset" 1372
"../../../Engine/Content/Functions/Engine_MaterialFunctions02/Utility/BlendAngleCorrectedNormals.uexp" 1373
"C:/Users/Anais/Documents/Quetes/B3/Q2-DiabloLike/ArcaneNoir/Content/StarterContent/Textures/T_Detail_Rocky_N.ubulk" 1374
"C:/Users/Anais/Documents/Quetes/B3/Q2-DiabloLike/ArcaneNoir/Content/StarterContent/Textures/T_Detail_Rocky_N.uasset" 1375
"C:/Users/Anais/Documents/Quetes/B3/Q2-DiabloLike/ArcaneNoir/Content/StarterContent/Textures/T_Detail_Rocky_N.uexp" 1376
"C:/Users/Anais/Documents/Quetes/B3/Q2-DiabloLike/ArcaneNoir/Content/StarterContent/Textures/T_Rock_Basalt_D.ubulk" 1377
"C:/Users/Anais/Documents/Quetes/B3/Q2-DiabloLike/ArcaneNoir/Content/StarterContent/Textures/T_Rock_Basalt_D.uasset" 1378
"C:/Users/Anais/Documents/Quetes/B3/Q2-DiabloLike/ArcaneNoir/Content/StarterContent/Textures/T_Rock_Basalt_D.uexp" 1379
"C:/Users/Anais/Documents/Quetes/B3/Q2-DiabloLike/ArcaneNoir/Content/StarterContent/Textures/T_RockMesh_N.ubulk" 1380
"C:/Users/Anais/Documents/Quetes/B3/Q2-DiabloLike/ArcaneNoir/Content/StarterContent/Textures/T_RockMesh_N.uasset" 1381
"C:/Users/Anais/Documents/Quetes/B3/Q2-DiabloLike/ArcaneNoir/Content/StarterContent/Textures/T_RockMesh_N.uexp" 1382
"C:/Users/Anais/Documents/Quetes/B3/Q2-DiabloLike/ArcaneNoir/Content/StarterContent/Textures/T_RockMesh_M.ubulk" 1383
"C:/Users/Anais/Documents/Quetes/B3/Q2-DiabloLike/ArcaneNoir/Content/StarterContent/Textures/T_RockMesh_M.uasset" 1384
"C:/Users/Anais/Documents/Quetes/B3/Q2-DiabloLike/ArcaneNoir/Content/StarterContent/Textures/T_RockMesh_M.uexp" 1385
"C:/Users/Anais/Documents/Quetes/B3/Q2-DiabloLike/ArcaneNoir/Content/StarterContent/Props/Materials/M_Rock.uasset" 1386
"C:/Users/Anais/Documents/Quetes/B3/Q2-DiabloLike/ArcaneNoir/Content/StarterContent/Props/Materials/M_Rock.uexp" 1387
"C:/Users/Anais/Documents/Quetes/B3/Q2-DiabloLike/ArcaneNoir/Content/StarterContent/Props/SM_Rock.ubulk" 1388
"C:/Users/Anais/Documents/Quetes/B3/Q2-DiabloLike/ArcaneNoir/Content/StarterContent/Props/SM_Rock.uasset" 1389
"C:/Users/Anais/Documents/Quetes/B3/Q2-DiabloLike/ArcaneNoir/Content/StarterContent/Props/SM_Rock.uexp" 1390
"C:/Users/Anais/Documents/Quetes/B3/Q2-DiabloLike/ArcaneNoir/Content/StarterContent/Materials/M_Glass.uasset" 1391
"C:/Users/Anais/Documents/Quetes/B3/Q2-DiabloLike/ArcaneNoir/Content/StarterContent/Materials/M_Glass.uexp" 1392
"C:/Users/Anais/Documents/Quetes/B3/Q2-DiabloLike/ArcaneNoir/Content/StarterContent/Textures/T_Door_N.ubulk" 1393
"C:/Users/Anais/Documents/Quetes/B3/Q2-DiabloLike/ArcaneNoir/Content/StarterContent/Textures/T_Door_N.uasset" 1394
"C:/Users/Anais/Documents/Quetes/B3/Q2-DiabloLike/ArcaneNoir/Content/StarterContent/Textures/T_Door_N.uexp" 1395
"C:/Users/Anais/Documents/Quetes/B3/Q2-DiabloLike/ArcaneNoir/Content/StarterContent/Textures/T_Door_M.ubulk" 1396
"C:/Users/Anais/Documents/Quetes/B3/Q2-DiabloLike/ArcaneNoir/Content/StarterContent/Textures/T_Door_M.uasset" 1397
"C:/Users/Anais/Documents/Quetes/B3/Q2-DiabloLike/ArcaneNoir/Content/StarterContent/Textures/T_Door_M.uexp" 1398
"C:/Users/Anais/Documents/Quetes/B3/Q2-DiabloLike/ArcaneNoir/Content/StarterContent/Props/Materials/M_Door.uasset" 1399
"C:/Users/Anais/Documents/Quetes/B3/Q2-DiabloLike/ArcaneNoir/Content/StarterContent/Props/Materials/M_Door.uexp" 1400
"C:/Users/Anais/Documents/Quetes/B3/Q2-DiabloLike/ArcaneNoir/Content/StarterContent/Props/SM_Door.ubulk" 1401
"C:/Users/Anais/Documents/Quetes/B3/Q2-DiabloLike/ArcaneNoir/Content/StarterContent/Props/SM_Door.uasset" 1402
"C:/Users/Anais/Documents/Quetes/B3/Q2-DiabloLike/ArcaneNoir/Content/StarterContent/Props/SM_Door.uexp" 1403
"C:/Users/Anais/Documents/Quetes/B3/Q2-DiabloLike/ArcaneNoir/Content/StarterContent/Textures/T_Chair_N.ubulk" 1404
"C:/Users/Anais/Documents/Quetes/B3/Q2-DiabloLike/ArcaneNoir/Content/StarterContent/Textures/T_Chair_N.uasset" 1405
"C:/Users/Anais/Documents/Quetes/B3/Q2-DiabloLike/ArcaneNoir/Content/StarterContent/Textures/T_Chair_N.uexp" 1406
"C:/Users/Anais/Documents/Quetes/B3/Q2-DiabloLike/ArcaneNoir/Content/StarterContent/Textures/T_Chair_M.ubulk" 1407
"C:/Users/Anais/Documents/Quetes/B3/Q2-DiabloLike/ArcaneNoir/Content/StarterContent/Textures/T_Chair_M.uasset" 1408
"C:/Users/Anais/Documents/Quetes/B3/Q2-DiabloLike/ArcaneNoir/Content/StarterContent/Textures/T_Chair_M.uexp" 1409
"C:/Users/Anais/Documents/Quetes/B3/Q2-DiabloLike/ArcaneNoir/Content/StarterContent/Props/Materials/M_Chair.uasset" 1410
"C:/Users/Anais/Documents/Quetes/B3/Q2-DiabloLike/ArcaneNoir/Content/StarterContent/Props/Materials/M_Chair.uexp" 1411
"C:/Users/Anais/Documents/Quetes/B3/Q2-DiabloLike/ArcaneNoir/Content/StarterContent/Props/SM_Couch.ubulk" 1412
"C:/Users/Anais/Documents/Quetes/B3/Q2-DiabloLike/ArcaneNoir/Content/StarterContent/Props/SM_Couch.uasset" 1413
"C:/Users/Anais/Documents/Quetes/B3/Q2-DiabloLike/ArcaneNoir/Content/StarterContent/Props/SM_Couch.uexp" 1414
"C:/Users/Anais/Documents/Quetes/B3/Q2-DiabloLike/ArcaneNoir/Content/StarterContent/Textures/T_Bush_N.ubulk" 1415
"C:/Users/Anais/Documents/Quetes/B3/Q2-DiabloLike/ArcaneNoir/Content/StarterContent/Textures/T_Bush_N.uasset" 1416
"C:/Users/Anais/Documents/Quetes/B3/Q2-DiabloLike/ArcaneNoir/Content/StarterContent/Textures/T_Bush_N.uexp" 1417
"C:/Users/Anais/Documents/Quetes/B3/Q2-DiabloLike/ArcaneNoir/Content/StarterContent/Textures/T_Bush_D.ubulk" 1418
"C:/Users/Anais/Documents/Quetes/B3/Q2-DiabloLike/ArcaneNoir/Content/StarterContent/Textures/T_Bush_D.uasset" 1419
"C:/Users/Anais/Documents/Quetes/B3/Q2-DiabloLike/ArcaneNoir/Content/StarterContent/Textures/T_Bush_D.uexp" 1420
"C:/Users/Anais/Documents/Quetes/B3/Q2-DiabloLike/ArcaneNoir/Content/StarterContent/Props/Materials/M_Bush.uasset" 1421
"C:/Users/Anais/Documents/Quetes/B3/Q2-DiabloLike/ArcaneNoir/Content/StarterContent/Props/Materials/M_Bush.uexp" 1422
"C:/Users/Anais/Documents/Quetes/B3/Q2-DiabloLike/ArcaneNoir/Content/StarterContent/Props/SM_Bush.ubulk" 1423
"C:/Users/Anais/Documents/Quetes/B3/Q2-DiabloLike/ArcaneNoir/Content/StarterContent/Props/SM_Bush.uasset" 1424
"C:/Users/Anais/Documents/Quetes/B3/Q2-DiabloLike/ArcaneNoir/Content/StarterContent/Props/SM_Bush.uexp" 1425
"C:/Users/Anais/Documents/Quetes/B3/Q2-DiabloLike/ArcaneNoir/Content/Game/Items/Models/Jacket.ubulk" 1426
"C:/Users/Anais/Documents/Quetes/B3/Q2-DiabloLike/ArcaneNoir/Content/Game/Items/Models/Jacket.uasset" 1427
"C:/Users/Anais/Documents/Quetes/B3/Q2-DiabloLike/ArcaneNoir/Content/Game/Items/Models/Jacket.uexp" 1428
"../../../Engine/Content/BasicShapes/Sphere.ubulk" 1429
"../../../Engine/Content/BasicShapes/Sphere.uasset" 1430
"../../../Engine/Content/BasicShapes/Sphere.uexp" 1431
"C:/Users/Anais/Documents/Quetes/B3/Q2-DiabloLike/ArcaneNoir/Content/Game/Items/Blueprints/BP_ItemActor.uasset" 1432
"C:/Users/Anais/Documents/Quetes/B3/Q2-DiabloLike/ArcaneNoir/Content/Game/Items/Blueprints/BP_ItemActor.uexp" 1433
"C:/Users/Anais/Documents/Quetes/B3/Q2-DiabloLike/ArcaneNoir/Content/Characters/Mannequin_UE4/Rigs/RTG_UE5Manny_UE4Manny.uasset" 1434
"C:/Users/Anais/Documents/Quetes/B3/Q2-DiabloLike/ArcaneNoir/Content/Characters/Mannequin_UE4/Rigs/RTG_UE5Manny_UE4Manny.uexp" 1435
"C:/Users/Anais/Documents/Quetes/B3/Q2-DiabloLike/ArcaneNoir/Content/Characters/Mannequin_UE4/Rigs/RTG_UE4Manny_UE5Manny.uasset" 1436
"C:/Users/Anais/Documents/Quetes/B3/Q2-DiabloLike/ArcaneNoir/Content/Characters/Mannequin_UE4/Rigs/RTG_UE4Manny_UE5Manny.uexp" 1437
"C:/Users/Anais/Documents/Quetes/B3/Q2-DiabloLike/ArcaneNoir/Content/Characters/Mannequin_UE4/Rigs/IK_UE4_Mannequin.uasset" 1438
"C:/Users/Anais/Documents/Quetes/B3/Q2-DiabloLike/ArcaneNoir/Content/Characters/Mannequin_UE4/Rigs/IK_UE4_Mannequin.uexp" 1439
"C:/Users/Anais/Documents/Quetes/B3/Q2-DiabloLike/ArcaneNoir/Content/Characters/Mannequin_UE4/Textures/T_UELogo_N_TGA.ubulk" 1440
"C:/Users/Anais/Documents/Quetes/B3/Q2-DiabloLike/ArcaneNoir/Content/Characters/Mannequin_UE4/Textures/T_UELogo_N_TGA.uasset" 1441
"C:/Users/Anais/Documents/Quetes/B3/Q2-DiabloLike/ArcaneNoir/Content/Characters/Mannequin_UE4/Textures/T_UELogo_N_TGA.uexp" 1442
"C:/Users/Anais/Documents/Quetes/B3/Q2-DiabloLike/ArcaneNoir/Content/Characters/Mannequin_UE4/Textures/T_UE4_Mannequin__normals.ubulk" 1443
"C:/Users/Anais/Documents/Quetes/B3/Q2-DiabloLike/ArcaneNoir/Content/Characters/Mannequin_UE4/Textures/T_UE4_Mannequin__normals.uasset" 1444
"C:/Users/Anais/Documents/Quetes/B3/Q2-DiabloLike/ArcaneNoir/Content/Characters/Mannequin_UE4/Textures/T_UE4_Mannequin__normals.uexp" 1445
"C:/Users/Anais/Documents/Quetes/B3/Q2-DiabloLike/ArcaneNoir/Content/Characters/Mannequin_UE4/Materials/Layers/ML_ShinyPlastic_Beige.uasset" 1446
"C:/Users/Anais/Documents/Quetes/B3/Q2-DiabloLike/ArcaneNoir/Content/Characters/Mannequin_UE4/Materials/Layers/ML_ShinyPlastic_Beige.uexp" 1447
"../../../Engine/Content/Functions/MaterialLayerFunctions/MatLayerBlend_NormalBlend.uasset" 1448
"../../../Engine/Content/Functions/MaterialLayerFunctions/MatLayerBlend_NormalBlend.uexp" 1449
"C:/Users/Anais/Documents/Quetes/B3/Q2-DiabloLike/ArcaneNoir/Content/Characters/Mannequin_UE4/Textures/T_UELogo_Mask.ubulk" 1450
"C:/Users/Anais/Documents/Quetes/B3/Q2-DiabloLike/ArcaneNoir/Content/Characters/Mannequin_UE4/Textures/T_UELogo_Mask.uasset" 1451
"C:/Users/Anais/Documents/Quetes/B3/Q2-DiabloLike/ArcaneNoir/Content/Characters/Mannequin_UE4/Textures/T_UELogo_Mask.uexp" 1452
"C:/Users/Anais/Documents/Quetes/B3/Q2-DiabloLike/ArcaneNoir/Content/Characters/Mannequin_UE4/Materials/Layers/ML_ShinyPlastic_Beige_Logo.uasset" 1453
"C:/Users/Anais/Documents/Quetes/B3/Q2-DiabloLike/ArcaneNoir/Content/Characters/Mannequin_UE4/Materials/Layers/ML_ShinyPlastic_Beige_Logo.uexp" 1454
"C:/Users/Anais/Documents/Quetes/B3/Q2-DiabloLike/ArcaneNoir/Content/Characters/Mannequin_UE4/Textures/T_UE4_Mannequin_MAT_MASKA.ubulk" 1455
"C:/Users/Anais/Documents/Quetes/B3/Q2-DiabloLike/ArcaneNoir/Content/Characters/Mannequin_UE4/Textures/T_UE4_Mannequin_MAT_MASKA.uasset" 1456
"C:/Users/Anais/Documents/Quetes/B3/Q2-DiabloLike/ArcaneNoir/Content/Characters/Mannequin_UE4/Textures/T_UE4_Mannequin_MAT_MASKA.uexp" 1457
"C:/Users/Anais/Documents/Quetes/B3/Q2-DiabloLike/ArcaneNoir/Content/Characters/Mannequin_UE4/Textures/T_ML_Aluminum01_N.ubulk" 1458
"C:/Users/Anais/Documents/Quetes/B3/Q2-DiabloLike/ArcaneNoir/Content/Characters/Mannequin_UE4/Textures/T_ML_Aluminum01_N.uasset" 1459
"C:/Users/Anais/Documents/Quetes/B3/Q2-DiabloLike/ArcaneNoir/Content/Characters/Mannequin_UE4/Textures/T_ML_Aluminum01_N.uexp" 1460
"C:/Users/Anais/Documents/Quetes/B3/Q2-DiabloLike/ArcaneNoir/Content/Characters/Mannequin_UE4/Textures/T_ML_Aluminum01.ubulk" 1461
"C:/Users/Anais/Documents/Quetes/B3/Q2-DiabloLike/ArcaneNoir/Content/Characters/Mannequin_UE4/Textures/T_ML_Aluminum01.uasset" 1462
"C:/Users/Anais/Documents/Quetes/B3/Q2-DiabloLike/ArcaneNoir/Content/Characters/Mannequin_UE4/Textures/T_ML_Aluminum01.uexp" 1463
"C:/Users/Anais/Documents/Quetes/B3/Q2-DiabloLike/ArcaneNoir/Content/Characters/Mannequin_UE4/Materials/Layers/ML_SoftMetal.uasset" 1464
"C:/Users/Anais/Documents/Quetes/B3/Q2-DiabloLike/ArcaneNoir/Content/Characters/Mannequin_UE4/Materials/Layers/ML_SoftMetal.uexp" 1465
"../../../Engine/Content/Functions/MaterialLayerFunctions/MatLayerBlend_Simple.uasset" 1466
"../../../Engine/Content/Functions/MaterialLayerFunctions/MatLayerBlend_Simple.uexp" 1467
"C:/Users/Anais/Documents/Quetes/B3/Q2-DiabloLike/ArcaneNoir/Content/Characters/Mannequin_UE4/Textures/T_ML_Rubber_Blue_01_N.ubulk" 1468
"C:/Users/Anais/Documents/Quetes/B3/Q2-DiabloLike/ArcaneNoir/Content/Characters/Mannequin_UE4/Textures/T_ML_Rubber_Blue_01_N.uasset" 1469
"C:/Users/Anais/Documents/Quetes/B3/Q2-DiabloLike/ArcaneNoir/Content/Characters/Mannequin_UE4/Textures/T_ML_Rubber_Blue_01_N.uexp" 1470
"C:/Users/Anais/Documents/Quetes/B3/Q2-DiabloLike/ArcaneNoir/Content/Characters/Mannequin_UE4/Textures/T_ML_Rubber_Blue_01_D.ubulk" 1471
"C:/Users/Anais/Documents/Quetes/B3/Q2-DiabloLike/ArcaneNoir/Content/Characters/Mannequin_UE4/Textures/T_ML_Rubber_Blue_01_D.uasset" 1472
"C:/Users/Anais/Documents/Quetes/B3/Q2-DiabloLike/ArcaneNoir/Content/Characters/Mannequin_UE4/Textures/T_ML_Rubber_Blue_01_D.uexp" 1473
"C:/Users/Anais/Documents/Quetes/B3/Q2-DiabloLike/ArcaneNoir/Content/Characters/Mannequin_UE4/Materials/Layers/ML_Latex_Black.uasset" 1474
"C:/Users/Anais/Documents/Quetes/B3/Q2-DiabloLike/ArcaneNoir/Content/Characters/Mannequin_UE4/Materials/Layers/ML_Latex_Black.uexp" 1475
"C:/Users/Anais/Documents/Quetes/B3/Q2-DiabloLike/ArcaneNoir/Content/Characters/Mannequin_UE4/Materials/M_MannequinUE4_Body.uasset" 1476
"C:/Users/Anais/Documents/Quetes/B3/Q2-DiabloLike/ArcaneNoir/Content/Characters/Mannequin_UE4/Materials/M_MannequinUE4_Body.uexp" 1477
"C:/Users/Anais/Documents/Quetes/B3/Q2-DiabloLike/ArcaneNoir/Content/Characters/Mannequin_UE4/Materials/M_MannequinUE4_ChestLogo.uasset" 1478
"C:/Users/Anais/Documents/Quetes/B3/Q2-DiabloLike/ArcaneNoir/Content/Characters/Mannequin_UE4/Materials/M_MannequinUE4_ChestLogo.uexp" 1479
"C:/Users/Anais/Documents/Quetes/B3/Q2-DiabloLike/ArcaneNoir/Content/Characters/Mannequin_UE4/Meshes/SK_Mannequin_PhysicsAsset.uasset" 1480
"C:/Users/Anais/Documents/Quetes/B3/Q2-DiabloLike/ArcaneNoir/Content/Characters/Mannequin_UE4/Meshes/SK_Mannequin_PhysicsAsset.uexp" 1481
"C:/Users/Anais/Documents/Quetes/B3/Q2-DiabloLike/ArcaneNoir/Content/Characters/Mannequin_UE4/Meshes/SK_Mannequin_Skeleton.uasset" 1482
"C:/Users/Anais/Documents/Quetes/B3/Q2-DiabloLike/ArcaneNoir/Content/Characters/Mannequin_UE4/Meshes/SK_Mannequin_Skeleton.uexp" 1483
"C:/Users/Anais/Documents/Quetes/B3/Q2-DiabloLike/ArcaneNoir/Content/Characters/Mannequin_UE4/Meshes/SK_Mannequin.uasset" 1484
"C:/Users/Anais/Documents/Quetes/B3/Q2-DiabloLike/ArcaneNoir/Content/Characters/Mannequin_UE4/Meshes/SK_Mannequin.uexp" 1485
"C:/Users/Anais/Documents/Quetes/B3/Q2-DiabloLike/ArcaneNoir/Content/Characters/Mannequin_UE4/Animations/Jog_Fwd.uasset" 1486
"C:/Users/Anais/Documents/Quetes/B3/Q2-DiabloLike/ArcaneNoir/Content/Characters/Mannequin_UE4/Animations/Jog_Fwd.uexp" 1487
"C:/Users/Anais/Documents/Quetes/B3/Q2-DiabloLike/ArcaneNoir/Content/Characters/Mannequins/Rigs/RTG_Mannequin.uasset" 1488
"C:/Users/Anais/Documents/Quetes/B3/Q2-DiabloLike/ArcaneNoir/Content/Characters/Mannequins/Rigs/RTG_Mannequin.uexp" 1489
"C:/Users/Anais/Documents/Quetes/B3/Q2-DiabloLike/ArcaneNoir/Content/Characters/Mannequins/Rigs/IK_Mannequin.uasset" 1490
"C:/Users/Anais/Documents/Quetes/B3/Q2-DiabloLike/ArcaneNoir/Content/Characters/Mannequins/Rigs/IK_Mannequin.uexp" 1491
"../../../Engine/Plugins/Animation/ControlRig/Content/Controls/DefaultGizmoLibraryNormalized.uasset" 1492
"../../../Engine/Plugins/Animation/ControlRig/Content/Controls/DefaultGizmoLibraryNormalized.uexp" 1493
"C:/Users/Anais/Documents/Quetes/B3/Q2-DiabloLike/ArcaneNoir/Content/Characters/Mannequins/Rigs/CR_Mannequin_Body.uasset" 1494
"C:/Users/Anais/Documents/Quetes/B3/Q2-DiabloLike/ArcaneNoir/Content/Characters/Mannequins/Rigs/CR_Mannequin_Body.uexp" 1495
"C:/Users/Anais/Documents/Quetes/B3/Q2-DiabloLike/ArcaneNoir/Content/Characters/Mannequins/Meshes/SKM_Quinn_Simple.uasset" 1496
"C:/Users/Anais/Documents/Quetes/B3/Q2-DiabloLike/ArcaneNoir/Content/Characters/Mannequins/Meshes/SKM_Quinn_Simple.uexp" 1497
"C:/Users/Anais/Documents/Quetes/B3/Q2-DiabloLike/ArcaneNoir/Content/Characters/Mannequins/Meshes/SKM_Manny_Simple.uasset" 1498
"C:/Users/Anais/Documents/Quetes/B3/Q2-DiabloLike/ArcaneNoir/Content/Characters/Mannequins/Meshes/SKM_Manny_Simple.uexp" 1499
"C:/Users/Anais/Documents/Quetes/B3/Q2-DiabloLike/ArcaneNoir/Content/Characters/Mannequins/Meshes/Mannequin_LODSettings.uasset" 1500
"C:/Users/Anais/Documents/Quetes/B3/Q2-DiabloLike/ArcaneNoir/Content/Characters/Mannequins/Meshes/Mannequin_LODSettings.uexp" 1501
"../../../Engine/Content/Functions/Engine_MaterialFunctions01/Shading/PowerToRoughness.uasset" 1502
"../../../Engine/Content/Functions/Engine_MaterialFunctions01/Shading/PowerToRoughness.uexp" 1503
"../../../Engine/Content/Functions/Engine_MaterialFunctions01/Shading/ConvertFromDiffSpec.uasset" 1504
"../../../Engine/Content/Functions/Engine_MaterialFunctions01/Shading/ConvertFromDiffSpec.uexp" 1505
"../../../Engine/Content/EngineMaterials/Substrate/Volume/SubstrateSimpleVolumeLUT3D.uasset" 1506
"../../../Engine/Content/EngineMaterials/Substrate/Volume/SubstrateSimpleVolumeLUT3D.uexp" 1507
"../../../Engine/Content/EngineMaterials/Substrate/Volume/SubstrateSimpleVolumeEnvLUT3D.uasset" 1508
"../../../Engine/Content/EngineMaterials/Substrate/Volume/SubstrateSimpleVolumeEnvLUT3D.uexp" 1509
"../../../Engine/Content/EngineMaterials/Substrate/GLints2/AGlintTex2dArray2.uasset" 1510
"../../../Engine/Content/EngineMaterials/Substrate/GLints2/AGlintTex2dArray2.uexp" 1511
"../../../Engine/Content/EngineMaterials/Substrate/GLints/AGlintTex2dArray.uasset" 1512
"../../../Engine/Content/EngineMaterials/Substrate/GLints/AGlintTex2dArray.uexp" 1513
"C:/Users/Anais/Documents/Quetes/B3/Q2-DiabloLike/ArcaneNoir/Content/Characters/Mannequins/Animations/Manny/MM_T_Pose.uasset" 1514
"C:/Users/Anais/Documents/Quetes/B3/Q2-DiabloLike/ArcaneNoir/Content/Characters/Mannequins/Animations/Manny/MM_T_Pose.uexp" 1515
"C:/Users/Anais/Documents/Quetes/B3/Q2-DiabloLike/ArcaneNoir/Content/LevelPrototyping/Meshes/SM_Cube.ubulk" 1516
"C:/Users/Anais/Documents/Quetes/B3/Q2-DiabloLike/ArcaneNoir/Content/LevelPrototyping/Meshes/SM_Cube.uasset" 1517
"C:/Users/Anais/Documents/Quetes/B3/Q2-DiabloLike/ArcaneNoir/Content/LevelPrototyping/Meshes/SM_Cube.uexp" 1518
"../../../Engine/Content/EngineSky/T_Sky_Stars.ubulk" 1519
"../../../Engine/Content/EngineSky/T_Sky_Stars.uasset" 1520
"../../../Engine/Content/EngineSky/T_Sky_Stars.uexp" 1521
"../../../Engine/Content/EngineSky/T_Sky_Clouds_M.ubulk" 1522
"../../../Engine/Content/EngineSky/T_Sky_Clouds_M.uasset" 1523
"../../../Engine/Content/EngineSky/T_Sky_Clouds_M.uexp" 1524
"../../../Engine/Content/EngineSky/T_Sky_Blue.ubulk" 1525
"../../../Engine/Content/EngineSky/T_Sky_Blue.uasset" 1526
"../../../Engine/Content/EngineSky/T_Sky_Blue.uexp" 1527
"../../../Engine/Content/EngineSky/M_Sky_Panning_Clouds2.uasset" 1528
"../../../Engine/Content/EngineSky/M_Sky_Panning_Clouds2.uexp" 1529
"../../../Engine/Content/EngineSky/SM_SkySphere.ubulk" 1530
"../../../Engine/Content/EngineSky/SM_SkySphere.uasset" 1531
"../../../Engine/Content/EngineSky/SM_SkySphere.uexp" 1532
"../../../Engine/Content/EngineSky/M_SimpleSkyDome.uasset" 1533
"../../../Engine/Content/EngineSky/M_SimpleSkyDome.uexp" 1534
"C:/Users/Anais/Documents/Quetes/B3/Q2-DiabloLike/ArcaneNoir/Content/Game/Items/Materials/M_Dagger.uasset" 1535
"C:/Users/Anais/Documents/Quetes/B3/Q2-DiabloLike/ArcaneNoir/Content/Game/Items/Materials/M_Dagger.uexp" 1536
"C:/Users/Anais/Documents/Quetes/B3/Q2-DiabloLike/ArcaneNoir/Content/Game/Items/Icons/Weapons/dagger.uasset" 1537
"C:/Users/Anais/Documents/Quetes/B3/Q2-DiabloLike/ArcaneNoir/Content/Game/Items/Icons/Weapons/dagger.uexp" 1538
"C:/Users/Anais/Documents/Quetes/B3/Q2-DiabloLike/ArcaneNoir/Content/Game/Items/Blueprints/BP_DaggerActor.uasset" 1539
"C:/Users/Anais/Documents/Quetes/B3/Q2-DiabloLike/ArcaneNoir/Content/Game/Items/Blueprints/BP_DaggerActor.uexp" 1540
"C:/Users/Anais/Documents/Quetes/B3/Q2-DiabloLike/ArcaneNoir/Content/Game/Items/Materials/M_Revolver.uasset" 1541
"C:/Users/Anais/Documents/Quetes/B3/Q2-DiabloLike/ArcaneNoir/Content/Game/Items/Materials/M_Revolver.uexp" 1542
"C:/Users/Anais/Documents/Quetes/B3/Q2-DiabloLike/ArcaneNoir/Content/Game/Items/Icons/Weapons/revolver.uasset" 1543
"C:/Users/Anais/Documents/Quetes/B3/Q2-DiabloLike/ArcaneNoir/Content/Game/Items/Icons/Weapons/revolver.uexp" 1544
"C:/Users/Anais/Documents/Quetes/B3/Q2-DiabloLike/ArcaneNoir/Content/Game/Items/Blueprints/BP_RevolverActor.uasset" 1545
"C:/Users/Anais/Documents/Quetes/B3/Q2-DiabloLike/ArcaneNoir/Content/Game/Items/Blueprints/BP_RevolverActor.uexp" 1546
"../../../Engine/Content/Functions/Engine_MaterialFunctions02/Texturing/CustomRotator.uasset" 1547
"../../../Engine/Content/Functions/Engine_MaterialFunctions02/Texturing/CustomRotator.uexp" 1548
"../../../Engine/Content/Functions/MaterialLayerFunctions/MatLayerBlend_Standard.uasset" 1549
"../../../Engine/Content/Functions/MaterialLayerFunctions/MatLayerBlend_Standard.uexp" 1550
"../../../Engine/Content/Functions/Engine_MaterialFunctions02/WorldPositionOffset/LocalPosition.uasset" 1551
"../../../Engine/Content/Functions/Engine_MaterialFunctions02/WorldPositionOffset/LocalPosition.uexp" 1552
"../../../Engine/Content/EditorShapes/Textures/T_ShapeNormal.ubulk" 1553
"../../../Engine/Content/EditorShapes/Textures/T_ShapeNormal.uasset" 1554
"../../../Engine/Content/EditorShapes/Textures/T_ShapeNormal.uexp" 1555
"../../../Engine/Plugins/Enterprise/DatasmithContent/Content/Materials/FBXImporter/VRED/VREDRepeatMode.uasset" 1556
"../../../Engine/Plugins/Enterprise/DatasmithContent/Content/Materials/FBXImporter/VRED/VREDRepeatMode.uexp" 1557
"../../../Engine/Plugins/Enterprise/DatasmithContent/Content/Materials/FBXImporter/VRED/PlanarMapping.uasset" 1558
"../../../Engine/Plugins/Enterprise/DatasmithContent/Content/Materials/FBXImporter/VRED/PlanarMapping.uexp" 1559
"../../../Engine/Plugins/Enterprise/DatasmithContent/Content/Materials/FBXImporter/VRED/UVMapping.uasset" 1560
"../../../Engine/Plugins/Enterprise/DatasmithContent/Content/Materials/FBXImporter/VRED/UVMapping.uexp" 1561
"../../../Engine/Plugins/Enterprise/DatasmithContent/Content/Materials/FBXImporter/VRED/TriplanarMapping.uasset" 1562
"../../../Engine/Plugins/Enterprise/DatasmithContent/Content/Materials/FBXImporter/VRED/TriplanarMapping.uexp" 1563
"../../../Engine/Plugins/Enterprise/DatasmithContent/Content/Materials/FBXImporter/VRED/VREDTextureRead.uasset" 1564
"../../../Engine/Plugins/Enterprise/DatasmithContent/Content/Materials/FBXImporter/VRED/VREDTextureRead.uexp" 1565
"../../../Engine/Content/Functions/Engine_MaterialFunctions02/Fresnel_Function.uasset" 1566
"../../../Engine/Content/Functions/Engine_MaterialFunctions02/Fresnel_Function.uexp" 1567
"../../../Engine/Content/Functions/Engine_MaterialFunctions01/Texturing/BakedDisplacement.uasset" 1568
"../../../Engine/Content/Functions/Engine_MaterialFunctions01/Texturing/BakedDisplacement.uexp" 1569
"../../../Engine/Plugins/Enterprise/DatasmithContent/Content/Materials/FBXImporter/VRED/UnicolorCarpaint.uasset" 1570
"../../../Engine/Plugins/Enterprise/DatasmithContent/Content/Materials/FBXImporter/VRED/UnicolorCarpaint.uexp" 1571
"C:/Users/Anais/Documents/Quetes/B3/Q2-DiabloLike/ArcaneNoir/Content/Game/Items/Icons/Armors/Jacket.uasset" 1572
"C:/Users/Anais/Documents/Quetes/B3/Q2-DiabloLike/ArcaneNoir/Content/Game/Items/Icons/Armors/Jacket.uexp" 1573
"C:/Users/Anais/Documents/Quetes/B3/Q2-DiabloLike/ArcaneNoir/Content/Game/Items/Blueprints/BP_JacketActor.uasset" 1574
"C:/Users/Anais/Documents/Quetes/B3/Q2-DiabloLike/ArcaneNoir/Content/Game/Items/Blueprints/BP_JacketActor.uexp" 1575
"C:/Users/Anais/Documents/Quetes/B3/Q2-DiabloLike/ArcaneNoir/Content/Game/Items/Materials/M_Fedora.uasset" 1576
"C:/Users/Anais/Documents/Quetes/B3/Q2-DiabloLike/ArcaneNoir/Content/Game/Items/Materials/M_Fedora.uexp" 1577
"C:/Users/Anais/Documents/Quetes/B3/Q2-DiabloLike/ArcaneNoir/Content/Game/Items/Icons/Armors/fedora.uasset" 1578
"C:/Users/Anais/Documents/Quetes/B3/Q2-DiabloLike/ArcaneNoir/Content/Game/Items/Icons/Armors/fedora.uexp" 1579
"C:/Users/Anais/Documents/Quetes/B3/Q2-DiabloLike/ArcaneNoir/Content/Game/Items/Blueprints/BP_FedoraActor.uasset" 1580
"C:/Users/Anais/Documents/Quetes/B3/Q2-DiabloLike/ArcaneNoir/Content/Game/Items/Blueprints/BP_FedoraActor.uexp" 1581
"../../../Engine/Content/Maps/Entry_BuiltData.uasset" 1582
"../../../Engine/Content/Maps/Entry_BuiltData.uexp" 1583
"../../../Engine/Content/Maps/Entry.uexp" 1584
"../../../Engine/Content/Maps/Entry.umap" 1585
"C:/Users/Anais/Documents/Quetes/B3/Q2-DiabloLike/ArcaneNoir/Content/StarterContent/Textures/T_Frame_M.ubulk" 1586
"C:/Users/Anais/Documents/Quetes/B3/Q2-DiabloLike/ArcaneNoir/Content/StarterContent/Textures/T_Frame_M.uasset" 1587
"C:/Users/Anais/Documents/Quetes/B3/Q2-DiabloLike/ArcaneNoir/Content/StarterContent/Textures/T_Frame_M.uexp" 1588
"C:/Users/Anais/Documents/Quetes/B3/Q2-DiabloLike/ArcaneNoir/Content/StarterContent/Textures/T_Frame_N.ubulk" 1589
"C:/Users/Anais/Documents/Quetes/B3/Q2-DiabloLike/ArcaneNoir/Content/StarterContent/Textures/T_Frame_N.uasset" 1590
"C:/Users/Anais/Documents/Quetes/B3/Q2-DiabloLike/ArcaneNoir/Content/StarterContent/Textures/T_Frame_N.uexp" 1591
"C:/Users/Anais/Documents/Quetes/B3/Q2-DiabloLike/ArcaneNoir/Content/StarterContent/Props/Materials/M_Frame.uasset" 1592
"C:/Users/Anais/Documents/Quetes/B3/Q2-DiabloLike/ArcaneNoir/Content/StarterContent/Props/Materials/M_Frame.uexp" 1593
"C:/Users/Anais/Documents/Quetes/B3/Q2-DiabloLike/ArcaneNoir/Content/StarterContent/Props/SM_DoorFrame.ubulk" 1594
"C:/Users/Anais/Documents/Quetes/B3/Q2-DiabloLike/ArcaneNoir/Content/StarterContent/Props/SM_DoorFrame.uasset" 1595
"C:/Users/Anais/Documents/Quetes/B3/Q2-DiabloLike/ArcaneNoir/Content/StarterContent/Props/SM_DoorFrame.uexp" 1596
"C:/Users/Anais/Documents/Quetes/B3/Q2-DiabloLike/ArcaneNoir/Content/StarterContent/Textures/T_MacroVariation.uasset" 1597
"C:/Users/Anais/Documents/Quetes/B3/Q2-DiabloLike/ArcaneNoir/Content/StarterContent/Textures/T_MacroVariation.uexp" 1598
"C:/Users/Anais/Documents/Quetes/B3/Q2-DiabloLike/ArcaneNoir/Content/StarterContent/Materials/M_Metal_Brushed_Nickel.uasset" 1599
"C:/Users/Anais/Documents/Quetes/B3/Q2-DiabloLike/ArcaneNoir/Content/StarterContent/Materials/M_Metal_Brushed_Nickel.uexp" 1600
"C:/Users/Anais/Documents/Quetes/B3/Q2-DiabloLike/ArcaneNoir/Content/StarterContent/Textures/T_Lamp_N.ubulk" 1601
"C:/Users/Anais/Documents/Quetes/B3/Q2-DiabloLike/ArcaneNoir/Content/StarterContent/Textures/T_Lamp_N.uasset" 1602
"C:/Users/Anais/Documents/Quetes/B3/Q2-DiabloLike/ArcaneNoir/Content/StarterContent/Textures/T_Lamp_N.uexp" 1603
"C:/Users/Anais/Documents/Quetes/B3/Q2-DiabloLike/ArcaneNoir/Content/StarterContent/Textures/T_Lamp_M.ubulk" 1604
"C:/Users/Anais/Documents/Quetes/B3/Q2-DiabloLike/ArcaneNoir/Content/StarterContent/Textures/T_Lamp_M.uasset" 1605
"C:/Users/Anais/Documents/Quetes/B3/Q2-DiabloLike/ArcaneNoir/Content/StarterContent/Textures/T_Lamp_M.uexp" 1606
"C:/Users/Anais/Documents/Quetes/B3/Q2-DiabloLike/ArcaneNoir/Content/StarterContent/Props/Materials/M_Lamp.uasset" 1607
"C:/Users/Anais/Documents/Quetes/B3/Q2-DiabloLike/ArcaneNoir/Content/StarterContent/Props/Materials/M_Lamp.uexp" 1608
"C:/Users/Anais/Documents/Quetes/B3/Q2-DiabloLike/ArcaneNoir/Content/StarterContent/Props/SM_Lamp_Ceiling.ubulk" 1609
"C:/Users/Anais/Documents/Quetes/B3/Q2-DiabloLike/ArcaneNoir/Content/StarterContent/Props/SM_Lamp_Ceiling.uasset" 1610
"C:/Users/Anais/Documents/Quetes/B3/Q2-DiabloLike/ArcaneNoir/Content/StarterContent/Props/SM_Lamp_Ceiling.uexp" 1611
"C:/Users/Anais/Documents/Quetes/B3/Q2-DiabloLike/ArcaneNoir/Content/StarterContent/Blueprints/Blueprint_CeilingLight.uasset" 1612
"C:/Users/Anais/Documents/Quetes/B3/Q2-DiabloLike/ArcaneNoir/Content/StarterContent/Blueprints/Blueprint_CeilingLight.uexp" 1613
"../../../Engine/Content/Functions/Engine_MaterialFunctions03/Procedurals/ComputeFilterWidth.uasset" 1614
"../../../Engine/Content/Functions/Engine_MaterialFunctions03/Procedurals/ComputeFilterWidth.uexp" 1615
"../../../Engine/Content/EngineMaterials/AntiAliasedTextMaterialTranslucent.uasset" 1616
"../../../Engine/Content/EngineMaterials/AntiAliasedTextMaterialTranslucent.uexp" 1617
"C:/Users/Anais/Documents/Quetes/B3/Q2-DiabloLike/ArcaneNoir/Content/StarterContent/Architecture/Wall_Door_400x300.ubulk" 1618
"C:/Users/Anais/Documents/Quetes/B3/Q2-DiabloLike/ArcaneNoir/Content/StarterContent/Architecture/Wall_Door_400x300.uasset" 1619
"C:/Users/Anais/Documents/Quetes/B3/Q2-DiabloLike/ArcaneNoir/Content/StarterContent/Architecture/Wall_Door_400x300.uexp" 1620
"C:/Users/Anais/Documents/Quetes/B3/Q2-DiabloLike/ArcaneNoir/Content/StarterContent/Textures/T_Wood_Pine_D.ubulk" 1621
"C:/Users/Anais/Documents/Quetes/B3/Q2-DiabloLike/ArcaneNoir/Content/StarterContent/Textures/T_Wood_Pine_D.uasset" 1622
"C:/Users/Anais/Documents/Quetes/B3/Q2-DiabloLike/ArcaneNoir/Content/StarterContent/Textures/T_Wood_Pine_D.uexp" 1623
"C:/Users/Anais/Documents/Quetes/B3/Q2-DiabloLike/ArcaneNoir/Content/StarterContent/Textures/T_Wood_Pine_N.ubulk" 1624
"C:/Users/Anais/Documents/Quetes/B3/Q2-DiabloLike/ArcaneNoir/Content/StarterContent/Textures/T_Wood_Pine_N.uasset" 1625
"C:/Users/Anais/Documents/Quetes/B3/Q2-DiabloLike/ArcaneNoir/Content/StarterContent/Textures/T_Wood_Pine_N.uexp" 1626
"C:/Users/Anais/Documents/Quetes/B3/Q2-DiabloLike/ArcaneNoir/Content/StarterContent/Textures/T_Perlin_Noise_M.ubulk" 1627
"C:/Users/Anais/Documents/Quetes/B3/Q2-DiabloLike/ArcaneNoir/Content/StarterContent/Textures/T_Perlin_Noise_M.uasset" 1628
"C:/Users/Anais/Documents/Quetes/B3/Q2-DiabloLike/ArcaneNoir/Content/StarterContent/Textures/T_Perlin_Noise_M.uexp" 1629
"C:/Users/Anais/Documents/Quetes/B3/Q2-DiabloLike/ArcaneNoir/Content/StarterContent/Materials/M_Wood_Pine.uasset" 1630
"C:/Users/Anais/Documents/Quetes/B3/Q2-DiabloLike/ArcaneNoir/Content/StarterContent/Materials/M_Wood_Pine.uexp" 1631
"C:/Users/Anais/Documents/Quetes/B3/Q2-DiabloLike/ArcaneNoir/Content/StarterContent/Textures/T_Rock_Smooth_Granite_D.ubulk" 1632
"C:/Users/Anais/Documents/Quetes/B3/Q2-DiabloLike/ArcaneNoir/Content/StarterContent/Textures/T_Rock_Smooth_Granite_D.uasset" 1633
"C:/Users/Anais/Documents/Quetes/B3/Q2-DiabloLike/ArcaneNoir/Content/StarterContent/Textures/T_Rock_Smooth_Granite_D.uexp" 1634
"C:/Users/Anais/Documents/Quetes/B3/Q2-DiabloLike/ArcaneNoir/Content/StarterContent/Textures/T_CobbleStone_Smooth_D.ubulk" 1635
"C:/Users/Anais/Documents/Quetes/B3/Q2-DiabloLike/ArcaneNoir/Content/StarterContent/Textures/T_CobbleStone_Smooth_D.uasset" 1636
"C:/Users/Anais/Documents/Quetes/B3/Q2-DiabloLike/ArcaneNoir/Content/StarterContent/Textures/T_CobbleStone_Smooth_D.uexp" 1637
"C:/Users/Anais/Documents/Quetes/B3/Q2-DiabloLike/ArcaneNoir/Content/StarterContent/Textures/T_Gradinet_01.ubulk" 1638
"C:/Users/Anais/Documents/Quetes/B3/Q2-DiabloLike/ArcaneNoir/Content/StarterContent/Textures/T_Gradinet_01.uasset" 1639
"C:/Users/Anais/Documents/Quetes/B3/Q2-DiabloLike/ArcaneNoir/Content/StarterContent/Textures/T_Gradinet_01.uexp" 1640
"C:/Users/Anais/Documents/Quetes/B3/Q2-DiabloLike/ArcaneNoir/Content/StarterContent/Textures/T_CobbleStone_Smooth_M.ubulk" 1641
"C:/Users/Anais/Documents/Quetes/B3/Q2-DiabloLike/ArcaneNoir/Content/StarterContent/Textures/T_CobbleStone_Smooth_M.uasset" 1642
"C:/Users/Anais/Documents/Quetes/B3/Q2-DiabloLike/ArcaneNoir/Content/StarterContent/Textures/T_CobbleStone_Smooth_M.uexp" 1643
"C:/Users/Anais/Documents/Quetes/B3/Q2-DiabloLike/ArcaneNoir/Content/StarterContent/Textures/T_CobbleStone_Smooth_N.ubulk" 1644
"C:/Users/Anais/Documents/Quetes/B3/Q2-DiabloLike/ArcaneNoir/Content/StarterContent/Textures/T_CobbleStone_Smooth_N.uasset" 1645
"C:/Users/Anais/Documents/Quetes/B3/Q2-DiabloLike/ArcaneNoir/Content/StarterContent/Textures/T_CobbleStone_Smooth_N.uexp" 1646
"C:/Users/Anais/Documents/Quetes/B3/Q2-DiabloLike/ArcaneNoir/Content/StarterContent/Materials/M_CobbleStone_Smooth.uasset" 1647
"C:/Users/Anais/Documents/Quetes/B3/Q2-DiabloLike/ArcaneNoir/Content/StarterContent/Materials/M_CobbleStone_Smooth.uexp" 1648
"C:/Users/Anais/Documents/Quetes/B3/Q2-DiabloLike/ArcaneNoir/Content/StarterContent/Textures/T_Rock_Basalt_N.ubulk" 1649
"C:/Users/Anais/Documents/Quetes/B3/Q2-DiabloLike/ArcaneNoir/Content/StarterContent/Textures/T_Rock_Basalt_N.uasset" 1650
"C:/Users/Anais/Documents/Quetes/B3/Q2-DiabloLike/ArcaneNoir/Content/StarterContent/Textures/T_Rock_Basalt_N.uexp" 1651
"C:/Users/Anais/Documents/Quetes/B3/Q2-DiabloLike/ArcaneNoir/Content/StarterContent/Materials/M_Rock_Basalt.uasset" 1652
"C:/Users/Anais/Documents/Quetes/B3/Q2-DiabloLike/ArcaneNoir/Content/StarterContent/Materials/M_Rock_Basalt.uexp" 1653
"C:/Users/Anais/Documents/Quetes/B3/Q2-DiabloLike/ArcaneNoir/Content/StarterContent/Shapes/Shape_Cube.ubulk" 1654
"C:/Users/Anais/Documents/Quetes/B3/Q2-DiabloLike/ArcaneNoir/Content/StarterContent/Shapes/Shape_Cube.uasset" 1655
"C:/Users/Anais/Documents/Quetes/B3/Q2-DiabloLike/ArcaneNoir/Content/StarterContent/Shapes/Shape_Cube.uexp" 1656
"C:/Users/Anais/Documents/Quetes/B3/Q2-DiabloLike/ArcaneNoir/Content/StarterContent/Textures/T_Concrete_Tiles_Variation_M.ubulk" 1657
"C:/Users/Anais/Documents/Quetes/B3/Q2-DiabloLike/ArcaneNoir/Content/StarterContent/Textures/T_Concrete_Tiles_Variation_M.uasset" 1658
"C:/Users/Anais/Documents/Quetes/B3/Q2-DiabloLike/ArcaneNoir/Content/StarterContent/Textures/T_Concrete_Tiles_Variation_M.uexp" 1659
"C:/Users/Anais/Documents/Quetes/B3/Q2-DiabloLike/ArcaneNoir/Content/StarterContent/Textures/T_Concrete_Tiles_D.ubulk" 1660
"C:/Users/Anais/Documents/Quetes/B3/Q2-DiabloLike/ArcaneNoir/Content/StarterContent/Textures/T_Concrete_Tiles_D.uasset" 1661
"C:/Users/Anais/Documents/Quetes/B3/Q2-DiabloLike/ArcaneNoir/Content/StarterContent/Textures/T_Concrete_Tiles_D.uexp" 1662
"C:/Users/Anais/Documents/Quetes/B3/Q2-DiabloLike/ArcaneNoir/Content/StarterContent/Textures/T_Concrete_Tiles_M.ubulk" 1663
"C:/Users/Anais/Documents/Quetes/B3/Q2-DiabloLike/ArcaneNoir/Content/StarterContent/Textures/T_Concrete_Tiles_M.uasset" 1664
"C:/Users/Anais/Documents/Quetes/B3/Q2-DiabloLike/ArcaneNoir/Content/StarterContent/Textures/T_Concrete_Tiles_M.uexp" 1665
"C:/Users/Anais/Documents/Quetes/B3/Q2-DiabloLike/ArcaneNoir/Content/StarterContent/Textures/T_Concrete_Tiles_N.ubulk" 1666
"C:/Users/Anais/Documents/Quetes/B3/Q2-DiabloLike/ArcaneNoir/Content/StarterContent/Textures/T_Concrete_Tiles_N.uasset" 1667
"C:/Users/Anais/Documents/Quetes/B3/Q2-DiabloLike/ArcaneNoir/Content/StarterContent/Textures/T_Concrete_Tiles_N.uexp" 1668
"C:/Users/Anais/Documents/Quetes/B3/Q2-DiabloLike/ArcaneNoir/Content/StarterContent/Materials/M_Concrete_Tiles.uasset" 1669
"C:/Users/Anais/Documents/Quetes/B3/Q2-DiabloLike/ArcaneNoir/Content/StarterContent/Materials/M_Concrete_Tiles.uexp" 1670
"C:/Users/Anais/Documents/Quetes/B3/Q2-DiabloLike/ArcaneNoir/Content/StarterContent/Props/MaterialSphere.ubulk" 1671
"C:/Users/Anais/Documents/Quetes/B3/Q2-DiabloLike/ArcaneNoir/Content/StarterContent/Props/MaterialSphere.uasset" 1672
"C:/Users/Anais/Documents/Quetes/B3/Q2-DiabloLike/ArcaneNoir/Content/StarterContent/Props/MaterialSphere.uexp" 1673
"C:/Users/Anais/Documents/Quetes/B3/Q2-DiabloLike/ArcaneNoir/Content/StarterContent/Textures/T_Metal_Rust_N.ubulk" 1674
"C:/Users/Anais/Documents/Quetes/B3/Q2-DiabloLike/ArcaneNoir/Content/StarterContent/Textures/T_Metal_Rust_N.uasset" 1675
"C:/Users/Anais/Documents/Quetes/B3/Q2-DiabloLike/ArcaneNoir/Content/StarterContent/Textures/T_Metal_Rust_N.uexp" 1676
"C:/Users/Anais/Documents/Quetes/B3/Q2-DiabloLike/ArcaneNoir/Content/StarterContent/Textures/T_Metal_Rust_D.ubulk" 1677
"C:/Users/Anais/Documents/Quetes/B3/Q2-DiabloLike/ArcaneNoir/Content/StarterContent/Textures/T_Metal_Rust_D.uasset" 1678
"C:/Users/Anais/Documents/Quetes/B3/Q2-DiabloLike/ArcaneNoir/Content/StarterContent/Textures/T_Metal_Rust_D.uexp" 1679
"C:/Users/Anais/Documents/Quetes/B3/Q2-DiabloLike/ArcaneNoir/Content/StarterContent/Materials/M_Metal_Rust.uasset" 1680
"C:/Users/Anais/Documents/Quetes/B3/Q2-DiabloLike/ArcaneNoir/Content/StarterContent/Materials/M_Metal_Rust.uexp" 1681
"C:/Users/Anais/Documents/Quetes/B3/Q2-DiabloLike/ArcaneNoir/Content/StarterContent/Textures/T_Rock_Slate_D.ubulk" 1682
"C:/Users/Anais/Documents/Quetes/B3/Q2-DiabloLike/ArcaneNoir/Content/StarterContent/Textures/T_Rock_Slate_D.uasset" 1683
"C:/Users/Anais/Documents/Quetes/B3/Q2-DiabloLike/ArcaneNoir/Content/StarterContent/Textures/T_Rock_Slate_D.uexp" 1684
"C:/Users/Anais/Documents/Quetes/B3/Q2-DiabloLike/ArcaneNoir/Content/StarterContent/Textures/T_Rock_Slate_N.ubulk" 1685
"C:/Users/Anais/Documents/Quetes/B3/Q2-DiabloLike/ArcaneNoir/Content/StarterContent/Textures/T_Rock_Slate_N.uasset" 1686
"C:/Users/Anais/Documents/Quetes/B3/Q2-DiabloLike/ArcaneNoir/Content/StarterContent/Textures/T_Rock_Slate_N.uexp" 1687
"C:/Users/Anais/Documents/Quetes/B3/Q2-DiabloLike/ArcaneNoir/Content/StarterContent/Materials/M_Rock_Slate.uasset" 1688
"C:/Users/Anais/Documents/Quetes/B3/Q2-DiabloLike/ArcaneNoir/Content/StarterContent/Materials/M_Rock_Slate.uexp" 1689
"C:/Users/Anais/Documents/Quetes/B3/Q2-DiabloLike/ArcaneNoir/Content/StarterContent/Textures/T_Concrete_Poured_D.ubulk" 1690
"C:/Users/Anais/Documents/Quetes/B3/Q2-DiabloLike/ArcaneNoir/Content/StarterContent/Textures/T_Concrete_Poured_D.uasset" 1691
"C:/Users/Anais/Documents/Quetes/B3/Q2-DiabloLike/ArcaneNoir/Content/StarterContent/Textures/T_Concrete_Poured_D.uexp" 1692
"C:/Users/Anais/Documents/Quetes/B3/Q2-DiabloLike/ArcaneNoir/Content/StarterContent/Textures/T_Concrete_Poured_N.ubulk" 1693
"C:/Users/Anais/Documents/Quetes/B3/Q2-DiabloLike/ArcaneNoir/Content/StarterContent/Textures/T_Concrete_Poured_N.uasset" 1694
"C:/Users/Anais/Documents/Quetes/B3/Q2-DiabloLike/ArcaneNoir/Content/StarterContent/Textures/T_Concrete_Poured_N.uexp" 1695
"C:/Users/Anais/Documents/Quetes/B3/Q2-DiabloLike/ArcaneNoir/Content/StarterContent/Materials/M_Concrete_Poured.uasset" 1696
"C:/Users/Anais/Documents/Quetes/B3/Q2-DiabloLike/ArcaneNoir/Content/StarterContent/Materials/M_Concrete_Poured.uexp" 1697
"C:/Users/Anais/Documents/Quetes/B3/Q2-DiabloLike/ArcaneNoir/Content/StarterContent/Textures/T_Brick_Clay_Beveled_M.ubulk" 1698
"C:/Users/Anais/Documents/Quetes/B3/Q2-DiabloLike/ArcaneNoir/Content/StarterContent/Textures/T_Brick_Clay_Beveled_M.uasset" 1699
"C:/Users/Anais/Documents/Quetes/B3/Q2-DiabloLike/ArcaneNoir/Content/StarterContent/Textures/T_Brick_Clay_Beveled_M.uexp" 1700
"C:/Users/Anais/Documents/Quetes/B3/Q2-DiabloLike/ArcaneNoir/Content/StarterContent/Textures/T_Brick_Clay_Beveled_N.ubulk" 1701
"C:/Users/Anais/Documents/Quetes/B3/Q2-DiabloLike/ArcaneNoir/Content/StarterContent/Textures/T_Brick_Clay_Beveled_N.uasset" 1702
"C:/Users/Anais/Documents/Quetes/B3/Q2-DiabloLike/ArcaneNoir/Content/StarterContent/Textures/T_Brick_Clay_Beveled_N.uexp" 1703
"C:/Users/Anais/Documents/Quetes/B3/Q2-DiabloLike/ArcaneNoir/Content/StarterContent/Textures/T_Brick_Clay_Beveled_D.ubulk" 1704
"C:/Users/Anais/Documents/Quetes/B3/Q2-DiabloLike/ArcaneNoir/Content/StarterContent/Textures/T_Brick_Clay_Beveled_D.uasset" 1705
"C:/Users/Anais/Documents/Quetes/B3/Q2-DiabloLike/ArcaneNoir/Content/StarterContent/Textures/T_Brick_Clay_Beveled_D.uexp" 1706
"C:/Users/Anais/Documents/Quetes/B3/Q2-DiabloLike/ArcaneNoir/Content/StarterContent/Materials/M_Brick_Clay_Beveled.uasset" 1707
"C:/Users/Anais/Documents/Quetes/B3/Q2-DiabloLike/ArcaneNoir/Content/StarterContent/Materials/M_Brick_Clay_Beveled.uexp" 1708
"C:/Users/Anais/Documents/Quetes/B3/Q2-DiabloLike/ArcaneNoir/Content/StarterContent/Textures/T_Tech_Hex_Tile_M.ubulk" 1709
"C:/Users/Anais/Documents/Quetes/B3/Q2-DiabloLike/ArcaneNoir/Content/StarterContent/Textures/T_Tech_Hex_Tile_M.uasset" 1710
"C:/Users/Anais/Documents/Quetes/B3/Q2-DiabloLike/ArcaneNoir/Content/StarterContent/Textures/T_Tech_Hex_Tile_M.uexp" 1711
"C:/Users/Anais/Documents/Quetes/B3/Q2-DiabloLike/ArcaneNoir/Content/StarterContent/Textures/T_Tech_Hex_Tile_N.ubulk" 1712
"C:/Users/Anais/Documents/Quetes/B3/Q2-DiabloLike/ArcaneNoir/Content/StarterContent/Textures/T_Tech_Hex_Tile_N.uasset" 1713
"C:/Users/Anais/Documents/Quetes/B3/Q2-DiabloLike/ArcaneNoir/Content/StarterContent/Textures/T_Tech_Hex_Tile_N.uexp" 1714
"C:/Users/Anais/Documents/Quetes/B3/Q2-DiabloLike/ArcaneNoir/Content/StarterContent/Materials/M_Tech_Hex_Tile.uasset" 1715
"C:/Users/Anais/Documents/Quetes/B3/Q2-DiabloLike/ArcaneNoir/Content/StarterContent/Materials/M_Tech_Hex_Tile.uexp" 1716
"../../../Engine/Content/Functions/Engine_MaterialFunctions01/Opacity/AlphaOffset.uasset" 1717
"../../../Engine/Content/Functions/Engine_MaterialFunctions01/Opacity/AlphaOffset.uexp" 1718
"C:/Users/Anais/Documents/Quetes/B3/Q2-DiabloLike/ArcaneNoir/Content/StarterContent/Textures/T_Wood_Floor_Walnut_M.ubulk" 1719
"C:/Users/Anais/Documents/Quetes/B3/Q2-DiabloLike/ArcaneNoir/Content/StarterContent/Textures/T_Wood_Floor_Walnut_M.uasset" 1720
"C:/Users/Anais/Documents/Quetes/B3/Q2-DiabloLike/ArcaneNoir/Content/StarterContent/Textures/T_Wood_Floor_Walnut_M.uexp" 1721
"C:/Users/Anais/Documents/Quetes/B3/Q2-DiabloLike/ArcaneNoir/Content/StarterContent/Textures/T_Wood_Floor_Walnut_D.ubulk" 1722
"C:/Users/Anais/Documents/Quetes/B3/Q2-DiabloLike/ArcaneNoir/Content/StarterContent/Textures/T_Wood_Floor_Walnut_D.uasset" 1723
"C:/Users/Anais/Documents/Quetes/B3/Q2-DiabloLike/ArcaneNoir/Content/StarterContent/Textures/T_Wood_Floor_Walnut_D.uexp" 1724
"C:/Users/Anais/Documents/Quetes/B3/Q2-DiabloLike/ArcaneNoir/Content/StarterContent/Textures/T_Wood_Floor_Walnut_N.ubulk" 1725
"C:/Users/Anais/Documents/Quetes/B3/Q2-DiabloLike/ArcaneNoir/Content/StarterContent/Textures/T_Wood_Floor_Walnut_N.uasset" 1726
"C:/Users/Anais/Documents/Quetes/B3/Q2-DiabloLike/ArcaneNoir/Content/StarterContent/Textures/T_Wood_Floor_Walnut_N.uexp" 1727
"C:/Users/Anais/Documents/Quetes/B3/Q2-DiabloLike/ArcaneNoir/Content/StarterContent/Materials/M_Wood_Floor_Walnut_Worn.uasset" 1728
"C:/Users/Anais/Documents/Quetes/B3/Q2-DiabloLike/ArcaneNoir/Content/StarterContent/Materials/M_Wood_Floor_Walnut_Worn.uexp" 1729
"C:/Users/Anais/Documents/Quetes/B3/Q2-DiabloLike/ArcaneNoir/Content/StarterContent/Textures/T_Ground_Gravel_N.ubulk" 1730
"C:/Users/Anais/Documents/Quetes/B3/Q2-DiabloLike/ArcaneNoir/Content/StarterContent/Textures/T_Ground_Gravel_N.uasset" 1731
"C:/Users/Anais/Documents/Quetes/B3/Q2-DiabloLike/ArcaneNoir/Content/StarterContent/Textures/T_Ground_Gravel_N.uexp" 1732
"C:/Users/Anais/Documents/Quetes/B3/Q2-DiabloLike/ArcaneNoir/Content/StarterContent/Textures/T_Ground_Gravel_D.ubulk" 1733
"C:/Users/Anais/Documents/Quetes/B3/Q2-DiabloLike/ArcaneNoir/Content/StarterContent/Textures/T_Ground_Gravel_D.uasset" 1734
"C:/Users/Anais/Documents/Quetes/B3/Q2-DiabloLike/ArcaneNoir/Content/StarterContent/Textures/T_Ground_Gravel_D.uexp" 1735
"C:/Users/Anais/Documents/Quetes/B3/Q2-DiabloLike/ArcaneNoir/Content/StarterContent/Materials/M_Ground_Gravel.uasset" 1736
"C:/Users/Anais/Documents/Quetes/B3/Q2-DiabloLike/ArcaneNoir/Content/StarterContent/Materials/M_Ground_Gravel.uexp" 1737
"C:/Users/Anais/Documents/Quetes/B3/Q2-DiabloLike/ArcaneNoir/Content/StarterContent/Audio/Steam01_Cue.uasset" 1738
"C:/Users/Anais/Documents/Quetes/B3/Q2-DiabloLike/ArcaneNoir/Content/StarterContent/Audio/Steam01_Cue.uexp" 1739
"C:/Users/Anais/Documents/Quetes/B3/Q2-DiabloLike/ArcaneNoir/Content/StarterContent/Particles/P_Steam_Lit.uasset" 1740
"C:/Users/Anais/Documents/Quetes/B3/Q2-DiabloLike/ArcaneNoir/Content/StarterContent/Particles/P_Steam_Lit.uexp" 1741
"C:/Users/Anais/Documents/Quetes/B3/Q2-DiabloLike/ArcaneNoir/Content/StarterContent/Blueprints/Blueprint_Effect_Steam.uasset" 1742
"C:/Users/Anais/Documents/Quetes/B3/Q2-DiabloLike/ArcaneNoir/Content/StarterContent/Blueprints/Blueprint_Effect_Steam.uexp" 1743
"C:/Users/Anais/Documents/Quetes/B3/Q2-DiabloLike/ArcaneNoir/Content/StarterContent/Audio/Fire_Sparks01_Cue.uasset" 1744
"C:/Users/Anais/Documents/Quetes/B3/Q2-DiabloLike/ArcaneNoir/Content/StarterContent/Audio/Fire_Sparks01_Cue.uexp" 1745
"C:/Users/Anais/Documents/Quetes/B3/Q2-DiabloLike/ArcaneNoir/Content/StarterContent/Textures/T_Spark_Core.ubulk" 1746
"C:/Users/Anais/Documents/Quetes/B3/Q2-DiabloLike/ArcaneNoir/Content/StarterContent/Textures/T_Spark_Core.uasset" 1747
"C:/Users/Anais/Documents/Quetes/B3/Q2-DiabloLike/ArcaneNoir/Content/StarterContent/Textures/T_Spark_Core.uexp" 1748
"C:/Users/Anais/Documents/Quetes/B3/Q2-DiabloLike/ArcaneNoir/Content/StarterContent/Particles/Materials/M_Spark.uasset" 1749
"C:/Users/Anais/Documents/Quetes/B3/Q2-DiabloLike/ArcaneNoir/Content/StarterContent/Particles/Materials/M_Spark.uexp" 1750
"C:/Users/Anais/Documents/Quetes/B3/Q2-DiabloLike/ArcaneNoir/Content/StarterContent/Particles/Materials/M_Radial_Gradient.uasset" 1751
"C:/Users/Anais/Documents/Quetes/B3/Q2-DiabloLike/ArcaneNoir/Content/StarterContent/Particles/Materials/M_Radial_Gradient.uexp" 1752
"C:/Users/Anais/Documents/Quetes/B3/Q2-DiabloLike/ArcaneNoir/Content/StarterContent/Particles/P_Sparks.uasset" 1753
"C:/Users/Anais/Documents/Quetes/B3/Q2-DiabloLike/ArcaneNoir/Content/StarterContent/Particles/P_Sparks.uexp" 1754
"C:/Users/Anais/Documents/Quetes/B3/Q2-DiabloLike/ArcaneNoir/Content/StarterContent/Blueprints/Blueprint_Effect_Sparks.uasset" 1755
"C:/Users/Anais/Documents/Quetes/B3/Q2-DiabloLike/ArcaneNoir/Content/StarterContent/Blueprints/Blueprint_Effect_Sparks.uexp" 1756
"C:/Users/Anais/Documents/Quetes/B3/Q2-DiabloLike/ArcaneNoir/Content/StarterContent/Textures/T_Water_N.ubulk" 1757
"C:/Users/Anais/Documents/Quetes/B3/Q2-DiabloLike/ArcaneNoir/Content/StarterContent/Textures/T_Water_N.uasset" 1758
"C:/Users/Anais/Documents/Quetes/B3/Q2-DiabloLike/ArcaneNoir/Content/StarterContent/Textures/T_Water_N.uexp" 1759
"C:/Users/Anais/Documents/Quetes/B3/Q2-DiabloLike/ArcaneNoir/Content/StarterContent/Materials/M_Water_Lake.uasset" 1760
"C:/Users/Anais/Documents/Quetes/B3/Q2-DiabloLike/ArcaneNoir/Content/StarterContent/Materials/M_Water_Lake.uexp" 1761
"C:/Users/Anais/Documents/Quetes/B3/Q2-DiabloLike/ArcaneNoir/Content/StarterContent/Architecture/Wall_400x200.ubulk" 1762
"C:/Users/Anais/Documents/Quetes/B3/Q2-DiabloLike/ArcaneNoir/Content/StarterContent/Architecture/Wall_400x200.uasset" 1763
"C:/Users/Anais/Documents/Quetes/B3/Q2-DiabloLike/ArcaneNoir/Content/StarterContent/Architecture/Wall_400x200.uexp" 1764
"C:/Users/Anais/Documents/Quetes/B3/Q2-DiabloLike/ArcaneNoir/Content/StarterContent/Textures/T_Checker_Noise_M.ubulk" 1765
"C:/Users/Anais/Documents/Quetes/B3/Q2-DiabloLike/ArcaneNoir/Content/StarterContent/Textures/T_Checker_Noise_M.uasset" 1766
"C:/Users/Anais/Documents/Quetes/B3/Q2-DiabloLike/ArcaneNoir/Content/StarterContent/Textures/T_Checker_Noise_M.uexp" 1767
"C:/Users/Anais/Documents/Quetes/B3/Q2-DiabloLike/ArcaneNoir/Content/StarterContent/Textures/T_Tech_Dot_M.ubulk" 1768
"C:/Users/Anais/Documents/Quetes/B3/Q2-DiabloLike/ArcaneNoir/Content/StarterContent/Textures/T_Tech_Dot_M.uasset" 1769
"C:/Users/Anais/Documents/Quetes/B3/Q2-DiabloLike/ArcaneNoir/Content/StarterContent/Textures/T_Tech_Dot_M.uexp" 1770
"C:/Users/Anais/Documents/Quetes/B3/Q2-DiabloLike/ArcaneNoir/Content/StarterContent/Textures/T_Tech_Dot_N.ubulk" 1771
"C:/Users/Anais/Documents/Quetes/B3/Q2-DiabloLike/ArcaneNoir/Content/StarterContent/Textures/T_Tech_Dot_N.uasset" 1772
"C:/Users/Anais/Documents/Quetes/B3/Q2-DiabloLike/ArcaneNoir/Content/StarterContent/Textures/T_Tech_Dot_N.uexp" 1773
"C:/Users/Anais/Documents/Quetes/B3/Q2-DiabloLike/ArcaneNoir/Content/StarterContent/Textures/T_Single_Tile_N.ubulk" 1774
"C:/Users/Anais/Documents/Quetes/B3/Q2-DiabloLike/ArcaneNoir/Content/StarterContent/Textures/T_Single_Tile_N.uasset" 1775
"C:/Users/Anais/Documents/Quetes/B3/Q2-DiabloLike/ArcaneNoir/Content/StarterContent/Textures/T_Single_Tile_N.uexp" 1776
"C:/Users/Anais/Documents/Quetes/B3/Q2-DiabloLike/ArcaneNoir/Content/StarterContent/Materials/M_Tech_Checker_Dot.uasset" 1777
"C:/Users/Anais/Documents/Quetes/B3/Q2-DiabloLike/ArcaneNoir/Content/StarterContent/Materials/M_Tech_Checker_Dot.uexp" 1778
"C:/Users/Anais/Documents/Quetes/B3/Q2-DiabloLike/ArcaneNoir/Content/StarterContent/Architecture/Floor_400x400.ubulk" 1779
"C:/Users/Anais/Documents/Quetes/B3/Q2-DiabloLike/ArcaneNoir/Content/StarterContent/Architecture/Floor_400x400.uasset" 1780
"C:/Users/Anais/Documents/Quetes/B3/Q2-DiabloLike/ArcaneNoir/Content/StarterContent/Architecture/Floor_400x400.uexp" 1781
"C:/Users/Anais/Documents/Quetes/B3/Q2-DiabloLike/ArcaneNoir/Content/StarterContent/Props/SM_GlassWindow.ubulk" 1782
"C:/Users/Anais/Documents/Quetes/B3/Q2-DiabloLike/ArcaneNoir/Content/StarterContent/Props/SM_GlassWindow.uasset" 1783
"C:/Users/Anais/Documents/Quetes/B3/Q2-DiabloLike/ArcaneNoir/Content/StarterContent/Props/SM_GlassWindow.uexp" 1784
"C:/Users/Anais/Documents/Quetes/B3/Q2-DiabloLike/ArcaneNoir/Content/StarterContent/Textures/T_Metal_Gold_N.ubulk" 1785
"C:/Users/Anais/Documents/Quetes/B3/Q2-DiabloLike/ArcaneNoir/Content/StarterContent/Textures/T_Metal_Gold_N.uasset" 1786
"C:/Users/Anais/Documents/Quetes/B3/Q2-DiabloLike/ArcaneNoir/Content/StarterContent/Textures/T_Metal_Gold_N.uexp" 1787
"C:/Users/Anais/Documents/Quetes/B3/Q2-DiabloLike/ArcaneNoir/Content/StarterContent/Textures/T_Rock_Marble_Polished_D.ubulk" 1788
"C:/Users/Anais/Documents/Quetes/B3/Q2-DiabloLike/ArcaneNoir/Content/StarterContent/Textures/T_Rock_Marble_Polished_D.uasset" 1789
"C:/Users/Anais/Documents/Quetes/B3/Q2-DiabloLike/ArcaneNoir/Content/StarterContent/Textures/T_Rock_Marble_Polished_D.uexp" 1790
"C:/Users/Anais/Documents/Quetes/B3/Q2-DiabloLike/ArcaneNoir/Content/StarterContent/Materials/M_Rock_Marble_Polished.uasset" 1791
"C:/Users/Anais/Documents/Quetes/B3/Q2-DiabloLike/ArcaneNoir/Content/StarterContent/Materials/M_Rock_Marble_Polished.uexp" 1792
"C:/Users/Anais/Documents/Quetes/B3/Q2-DiabloLike/ArcaneNoir/Content/StarterContent/Textures/T_Concrete_Grime_D.ubulk" 1793
"C:/Users/Anais/Documents/Quetes/B3/Q2-DiabloLike/ArcaneNoir/Content/StarterContent/Textures/T_Concrete_Grime_D.uasset" 1794
"C:/Users/Anais/Documents/Quetes/B3/Q2-DiabloLike/ArcaneNoir/Content/StarterContent/Textures/T_Concrete_Grime_D.uexp" 1795
"C:/Users/Anais/Documents/Quetes/B3/Q2-DiabloLike/ArcaneNoir/Content/StarterContent/Materials/M_Concrete_Grime.uasset" 1796
"C:/Users/Anais/Documents/Quetes/B3/Q2-DiabloLike/ArcaneNoir/Content/StarterContent/Materials/M_Concrete_Grime.uexp" 1797
"C:/Users/Anais/Documents/Quetes/B3/Q2-DiabloLike/ArcaneNoir/Content/StarterContent/Textures/T_Ceramic_Tile_M.ubulk" 1798
"C:/Users/Anais/Documents/Quetes/B3/Q2-DiabloLike/ArcaneNoir/Content/StarterContent/Textures/T_Ceramic_Tile_M.uasset" 1799
"C:/Users/Anais/Documents/Quetes/B3/Q2-DiabloLike/ArcaneNoir/Content/StarterContent/Textures/T_Ceramic_Tile_M.uexp" 1800
"C:/Users/Anais/Documents/Quetes/B3/Q2-DiabloLike/ArcaneNoir/Content/StarterContent/Textures/T_Ceramic_Tile_N.ubulk" 1801
"C:/Users/Anais/Documents/Quetes/B3/Q2-DiabloLike/ArcaneNoir/Content/StarterContent/Textures/T_Ceramic_Tile_N.uasset" 1802
"C:/Users/Anais/Documents/Quetes/B3/Q2-DiabloLike/ArcaneNoir/Content/StarterContent/Textures/T_Ceramic_Tile_N.uexp" 1803
"C:/Users/Anais/Documents/Quetes/B3/Q2-DiabloLike/ArcaneNoir/Content/StarterContent/Materials/M_Ceramic_Tile_Checker.uasset" 1804
"C:/Users/Anais/Documents/Quetes/B3/Q2-DiabloLike/ArcaneNoir/Content/StarterContent/Materials/M_Ceramic_Tile_Checker.uexp" 1805
"C:/Users/Anais/Documents/Quetes/B3/Q2-DiabloLike/ArcaneNoir/Content/StarterContent/Textures/T_Rock_Sandstone_N.ubulk" 1806
"C:/Users/Anais/Documents/Quetes/B3/Q2-DiabloLike/ArcaneNoir/Content/StarterContent/Textures/T_Rock_Sandstone_N.uasset" 1807
"C:/Users/Anais/Documents/Quetes/B3/Q2-DiabloLike/ArcaneNoir/Content/StarterContent/Textures/T_Rock_Sandstone_N.uexp" 1808
"C:/Users/Anais/Documents/Quetes/B3/Q2-DiabloLike/ArcaneNoir/Content/StarterContent/Textures/T_Rock_Sandstone_D.ubulk" 1809
"C:/Users/Anais/Documents/Quetes/B3/Q2-DiabloLike/ArcaneNoir/Content/StarterContent/Textures/T_Rock_Sandstone_D.uasset" 1810
"C:/Users/Anais/Documents/Quetes/B3/Q2-DiabloLike/ArcaneNoir/Content/StarterContent/Textures/T_Rock_Sandstone_D.uexp" 1811
"C:/Users/Anais/Documents/Quetes/B3/Q2-DiabloLike/ArcaneNoir/Content/StarterContent/Materials/M_Rock_Sandstone.uasset" 1812
"C:/Users/Anais/Documents/Quetes/B3/Q2-DiabloLike/ArcaneNoir/Content/StarterContent/Materials/M_Rock_Sandstone.uexp" 1813
"C:/Users/Anais/Documents/Quetes/B3/Q2-DiabloLike/ArcaneNoir/Content/StarterContent/Textures/T_Wood_Walnut_N.ubulk" 1814
"C:/Users/Anais/Documents/Quetes/B3/Q2-DiabloLike/ArcaneNoir/Content/StarterContent/Textures/T_Wood_Walnut_N.uasset" 1815
"C:/Users/Anais/Documents/Quetes/B3/Q2-DiabloLike/ArcaneNoir/Content/StarterContent/Textures/T_Wood_Walnut_N.uexp" 1816
"C:/Users/Anais/Documents/Quetes/B3/Q2-DiabloLike/ArcaneNoir/Content/StarterContent/Textures/T_Wood_Walnut_D.ubulk" 1817
"C:/Users/Anais/Documents/Quetes/B3/Q2-DiabloLike/ArcaneNoir/Content/StarterContent/Textures/T_Wood_Walnut_D.uasset" 1818
"C:/Users/Anais/Documents/Quetes/B3/Q2-DiabloLike/ArcaneNoir/Content/StarterContent/Textures/T_Wood_Walnut_D.uexp" 1819
"C:/Users/Anais/Documents/Quetes/B3/Q2-DiabloLike/ArcaneNoir/Content/StarterContent/Materials/M_Wood_Walnut.uasset" 1820
"C:/Users/Anais/Documents/Quetes/B3/Q2-DiabloLike/ArcaneNoir/Content/StarterContent/Materials/M_Wood_Walnut.uexp" 1821
"C:/Users/Anais/Documents/Quetes/B3/Q2-DiabloLike/ArcaneNoir/Content/StarterContent/Audio/Collapse_Cue.uasset" 1822
"C:/Users/Anais/Documents/Quetes/B3/Q2-DiabloLike/ArcaneNoir/Content/StarterContent/Audio/Collapse_Cue.uexp" 1823
"C:/Users/Anais/Documents/Quetes/B3/Q2-DiabloLike/ArcaneNoir/Content/StarterContent/Textures/T_Brick_Cut_Stone_N.ubulk" 1824
"C:/Users/Anais/Documents/Quetes/B3/Q2-DiabloLike/ArcaneNoir/Content/StarterContent/Textures/T_Brick_Cut_Stone_N.uasset" 1825
"C:/Users/Anais/Documents/Quetes/B3/Q2-DiabloLike/ArcaneNoir/Content/StarterContent/Textures/T_Brick_Cut_Stone_N.uexp" 1826
"C:/Users/Anais/Documents/Quetes/B3/Q2-DiabloLike/ArcaneNoir/Content/StarterContent/Textures/T_Brick_Cut_Stone_D.ubulk" 1827
"C:/Users/Anais/Documents/Quetes/B3/Q2-DiabloLike/ArcaneNoir/Content/StarterContent/Textures/T_Brick_Cut_Stone_D.uasset" 1828
"C:/Users/Anais/Documents/Quetes/B3/Q2-DiabloLike/ArcaneNoir/Content/StarterContent/Textures/T_Brick_Cut_Stone_D.uexp" 1829
"C:/Users/Anais/Documents/Quetes/B3/Q2-DiabloLike/ArcaneNoir/Content/StarterContent/Materials/M_Brick_Cut_Stone.uasset" 1830
"C:/Users/Anais/Documents/Quetes/B3/Q2-DiabloLike/ArcaneNoir/Content/StarterContent/Materials/M_Brick_Cut_Stone.uexp" 1831
"C:/Users/Anais/Documents/Quetes/B3/Q2-DiabloLike/ArcaneNoir/Content/StarterContent/Textures/T_Dust_Particle_D.ubulk" 1832
"C:/Users/Anais/Documents/Quetes/B3/Q2-DiabloLike/ArcaneNoir/Content/StarterContent/Textures/T_Dust_Particle_D.uasset" 1833
"C:/Users/Anais/Documents/Quetes/B3/Q2-DiabloLike/ArcaneNoir/Content/StarterContent/Textures/T_Dust_Particle_D.uexp" 1834
"C:/Users/Anais/Documents/Quetes/B3/Q2-DiabloLike/ArcaneNoir/Content/StarterContent/Particles/Materials/M_Dust_Particle.uasset" 1835
"C:/Users/Anais/Documents/Quetes/B3/Q2-DiabloLike/ArcaneNoir/Content/StarterContent/Particles/Materials/M_Dust_Particle.uexp" 1836
"C:/Users/Anais/Documents/Quetes/B3/Q2-DiabloLike/ArcaneNoir/Content/StarterContent/Particles/P_Ambient_Dust.uasset" 1837
"C:/Users/Anais/Documents/Quetes/B3/Q2-DiabloLike/ArcaneNoir/Content/StarterContent/Particles/P_Ambient_Dust.uexp" 1838
"C:/Users/Anais/Documents/Quetes/B3/Q2-DiabloLike/ArcaneNoir/Content/StarterContent/Props/SM_WindowFrame.ubulk" 1839
"C:/Users/Anais/Documents/Quetes/B3/Q2-DiabloLike/ArcaneNoir/Content/StarterContent/Props/SM_WindowFrame.uasset" 1840
"C:/Users/Anais/Documents/Quetes/B3/Q2-DiabloLike/ArcaneNoir/Content/StarterContent/Props/SM_WindowFrame.uexp" 1841
"C:/Users/Anais/Documents/Quetes/B3/Q2-DiabloLike/ArcaneNoir/Content/StarterContent/Textures/T_Metal_Copper_D.ubulk" 1842
"C:/Users/Anais/Documents/Quetes/B3/Q2-DiabloLike/ArcaneNoir/Content/StarterContent/Textures/T_Metal_Copper_D.uasset" 1843
"C:/Users/Anais/Documents/Quetes/B3/Q2-DiabloLike/ArcaneNoir/Content/StarterContent/Textures/T_Metal_Copper_D.uexp" 1844
"C:/Users/Anais/Documents/Quetes/B3/Q2-DiabloLike/ArcaneNoir/Content/StarterContent/Materials/M_Metal_Copper.uasset" 1845
"C:/Users/Anais/Documents/Quetes/B3/Q2-DiabloLike/ArcaneNoir/Content/StarterContent/Materials/M_Metal_Copper.uexp" 1846
"C:/Users/Anais/Documents/Quetes/B3/Q2-DiabloLike/ArcaneNoir/Content/StarterContent/Textures/T_Water_M.ubulk" 1847
"C:/Users/Anais/Documents/Quetes/B3/Q2-DiabloLike/ArcaneNoir/Content/StarterContent/Textures/T_Water_M.uasset" 1848
"C:/Users/Anais/Documents/Quetes/B3/Q2-DiabloLike/ArcaneNoir/Content/StarterContent/Textures/T_Water_M.uexp" 1849
"C:/Users/Anais/Documents/Quetes/B3/Q2-DiabloLike/ArcaneNoir/Content/StarterContent/Materials/M_Water_Ocean.uasset" 1850
"C:/Users/Anais/Documents/Quetes/B3/Q2-DiabloLike/ArcaneNoir/Content/StarterContent/Materials/M_Water_Ocean.uexp" 1851
"C:/Users/Anais/Documents/Quetes/B3/Q2-DiabloLike/ArcaneNoir/Content/StarterContent/Textures/T_CobbleStone_Pebble_N.ubulk" 1852
"C:/Users/Anais/Documents/Quetes/B3/Q2-DiabloLike/ArcaneNoir/Content/StarterContent/Textures/T_CobbleStone_Pebble_N.uasset" 1853
"C:/Users/Anais/Documents/Quetes/B3/Q2-DiabloLike/ArcaneNoir/Content/StarterContent/Textures/T_CobbleStone_Pebble_N.uexp" 1854
"C:/Users/Anais/Documents/Quetes/B3/Q2-DiabloLike/ArcaneNoir/Content/StarterContent/Textures/T_CobbleStone_Pebble_M.ubulk" 1855
"C:/Users/Anais/Documents/Quetes/B3/Q2-DiabloLike/ArcaneNoir/Content/StarterContent/Textures/T_CobbleStone_Pebble_M.uasset" 1856
"C:/Users/Anais/Documents/Quetes/B3/Q2-DiabloLike/ArcaneNoir/Content/StarterContent/Textures/T_CobbleStone_Pebble_M.uexp" 1857
"C:/Users/Anais/Documents/Quetes/B3/Q2-DiabloLike/ArcaneNoir/Content/StarterContent/Textures/T_CobbleStone_Pebble_D.ubulk" 1858
"C:/Users/Anais/Documents/Quetes/B3/Q2-DiabloLike/ArcaneNoir/Content/StarterContent/Textures/T_CobbleStone_Pebble_D.uasset" 1859
"C:/Users/Anais/Documents/Quetes/B3/Q2-DiabloLike/ArcaneNoir/Content/StarterContent/Textures/T_CobbleStone_Pebble_D.uexp" 1860
"C:/Users/Anais/Documents/Quetes/B3/Q2-DiabloLike/ArcaneNoir/Content/StarterContent/Materials/M_CobbleStone_Pebble.uasset" 1861
"C:/Users/Anais/Documents/Quetes/B3/Q2-DiabloLike/ArcaneNoir/Content/StarterContent/Materials/M_CobbleStone_Pebble.uexp" 1862
"C:/Users/Anais/Documents/Quetes/B3/Q2-DiabloLike/ArcaneNoir/Content/StarterContent/Textures/T_Brick_Clay_Old_N.ubulk" 1863
"C:/Users/Anais/Documents/Quetes/B3/Q2-DiabloLike/ArcaneNoir/Content/StarterContent/Textures/T_Brick_Clay_Old_N.uasset" 1864
"C:/Users/Anais/Documents/Quetes/B3/Q2-DiabloLike/ArcaneNoir/Content/StarterContent/Textures/T_Brick_Clay_Old_N.uexp" 1865
"C:/Users/Anais/Documents/Quetes/B3/Q2-DiabloLike/ArcaneNoir/Content/StarterContent/Textures/T_Brick_Clay_Old_D.ubulk" 1866
"C:/Users/Anais/Documents/Quetes/B3/Q2-DiabloLike/ArcaneNoir/Content/StarterContent/Textures/T_Brick_Clay_Old_D.uasset" 1867
"C:/Users/Anais/Documents/Quetes/B3/Q2-DiabloLike/ArcaneNoir/Content/StarterContent/Textures/T_Brick_Clay_Old_D.uexp" 1868
"C:/Users/Anais/Documents/Quetes/B3/Q2-DiabloLike/ArcaneNoir/Content/StarterContent/Materials/M_Brick_Clay_Old.uasset" 1869
"C:/Users/Anais/Documents/Quetes/B3/Q2-DiabloLike/ArcaneNoir/Content/StarterContent/Materials/M_Brick_Clay_Old.uexp" 1870
"C:/Users/Anais/Documents/Quetes/B3/Q2-DiabloLike/ArcaneNoir/Content/StarterContent/Textures/T_Metal_Steel_D.ubulk" 1871
"C:/Users/Anais/Documents/Quetes/B3/Q2-DiabloLike/ArcaneNoir/Content/StarterContent/Textures/T_Metal_Steel_D.uasset" 1872
"C:/Users/Anais/Documents/Quetes/B3/Q2-DiabloLike/ArcaneNoir/Content/StarterContent/Textures/T_Metal_Steel_D.uexp" 1873
"C:/Users/Anais/Documents/Quetes/B3/Q2-DiabloLike/ArcaneNoir/Content/StarterContent/Textures/T_Metal_Steel_N.ubulk" 1874
"C:/Users/Anais/Documents/Quetes/B3/Q2-DiabloLike/ArcaneNoir/Content/StarterContent/Textures/T_Metal_Steel_N.uasset" 1875
"C:/Users/Anais/Documents/Quetes/B3/Q2-DiabloLike/ArcaneNoir/Content/StarterContent/Textures/T_Metal_Steel_N.uexp" 1876
"C:/Users/Anais/Documents/Quetes/B3/Q2-DiabloLike/ArcaneNoir/Content/StarterContent/Materials/M_Metal_Steel.uasset" 1877
"C:/Users/Anais/Documents/Quetes/B3/Q2-DiabloLike/ArcaneNoir/Content/StarterContent/Materials/M_Metal_Steel.uexp" 1878
"C:/Users/Anais/Documents/Quetes/B3/Q2-DiabloLike/ArcaneNoir/Content/StarterContent/Materials/M_Wood_Floor_Walnut_Polished.uasset" 1879
"C:/Users/Anais/Documents/Quetes/B3/Q2-DiabloLike/ArcaneNoir/Content/StarterContent/Materials/M_Wood_Floor_Walnut_Polished.uexp" 1880
"C:/Users/Anais/Documents/Quetes/B3/Q2-DiabloLike/ArcaneNoir/Content/StarterContent/Props/SM_Lamp_Wall.ubulk" 1881
"C:/Users/Anais/Documents/Quetes/B3/Q2-DiabloLike/ArcaneNoir/Content/StarterContent/Props/SM_Lamp_Wall.uasset" 1882
"C:/Users/Anais/Documents/Quetes/B3/Q2-DiabloLike/ArcaneNoir/Content/StarterContent/Props/SM_Lamp_Wall.uexp" 1883
"C:/Users/Anais/Documents/Quetes/B3/Q2-DiabloLike/ArcaneNoir/Content/StarterContent/Blueprints/Blueprint_WallSconce.uasset" 1884
"C:/Users/Anais/Documents/Quetes/B3/Q2-DiabloLike/ArcaneNoir/Content/StarterContent/Blueprints/Blueprint_WallSconce.uexp" 1885
"C:/Users/Anais/Documents/Quetes/B3/Q2-DiabloLike/ArcaneNoir/Content/StarterContent/Textures/T_Tech_Panel_N.ubulk" 1886
"C:/Users/Anais/Documents/Quetes/B3/Q2-DiabloLike/ArcaneNoir/Content/StarterContent/Textures/T_Tech_Panel_N.uasset" 1887
"C:/Users/Anais/Documents/Quetes/B3/Q2-DiabloLike/ArcaneNoir/Content/StarterContent/Textures/T_Tech_Panel_N.uexp" 1888
"C:/Users/Anais/Documents/Quetes/B3/Q2-DiabloLike/ArcaneNoir/Content/StarterContent/Textures/T_Tech_Panel_M.ubulk" 1889
"C:/Users/Anais/Documents/Quetes/B3/Q2-DiabloLike/ArcaneNoir/Content/StarterContent/Textures/T_Tech_Panel_M.uasset" 1890
"C:/Users/Anais/Documents/Quetes/B3/Q2-DiabloLike/ArcaneNoir/Content/StarterContent/Textures/T_Tech_Panel_M.uexp" 1891
"C:/Users/Anais/Documents/Quetes/B3/Q2-DiabloLike/ArcaneNoir/Content/StarterContent/Materials/M_Tech_Panel.uasset" 1892
"C:/Users/Anais/Documents/Quetes/B3/Q2-DiabloLike/ArcaneNoir/Content/StarterContent/Materials/M_Tech_Panel.uexp" 1893
"C:/Users/Anais/Documents/Quetes/B3/Q2-DiabloLike/ArcaneNoir/Content/StarterContent/Materials/M_Tech_Hex_Tile_Pulse.uasset" 1894
"C:/Users/Anais/Documents/Quetes/B3/Q2-DiabloLike/ArcaneNoir/Content/StarterContent/Materials/M_Tech_Hex_Tile_Pulse.uexp" 1895
"C:/Users/Anais/Documents/Quetes/B3/Q2-DiabloLike/ArcaneNoir/Content/StarterContent/Props/SM_PillarFrame.ubulk" 1896
"C:/Users/Anais/Documents/Quetes/B3/Q2-DiabloLike/ArcaneNoir/Content/StarterContent/Props/SM_PillarFrame.uasset" 1897
"C:/Users/Anais/Documents/Quetes/B3/Q2-DiabloLike/ArcaneNoir/Content/StarterContent/Props/SM_PillarFrame.uexp" 1898
"C:/Users/Anais/Documents/Quetes/B3/Q2-DiabloLike/ArcaneNoir/Content/StarterContent/Textures/T_TableRound_N.ubulk" 1899
"C:/Users/Anais/Documents/Quetes/B3/Q2-DiabloLike/ArcaneNoir/Content/StarterContent/Textures/T_TableRound_N.uasset" 1900
"C:/Users/Anais/Documents/Quetes/B3/Q2-DiabloLike/ArcaneNoir/Content/StarterContent/Textures/T_TableRound_N.uexp" 1901
"C:/Users/Anais/Documents/Quetes/B3/Q2-DiabloLike/ArcaneNoir/Content/StarterContent/Textures/T_TableRound_M.ubulk" 1902
"C:/Users/Anais/Documents/Quetes/B3/Q2-DiabloLike/ArcaneNoir/Content/StarterContent/Textures/T_TableRound_M.uasset" 1903
"C:/Users/Anais/Documents/Quetes/B3/Q2-DiabloLike/ArcaneNoir/Content/StarterContent/Textures/T_TableRound_M.uexp" 1904
"C:/Users/Anais/Documents/Quetes/B3/Q2-DiabloLike/ArcaneNoir/Content/StarterContent/Props/Materials/M_TableRound.uasset" 1905
"C:/Users/Anais/Documents/Quetes/B3/Q2-DiabloLike/ArcaneNoir/Content/StarterContent/Props/Materials/M_TableRound.uexp" 1906
"C:/Users/Anais/Documents/Quetes/B3/Q2-DiabloLike/ArcaneNoir/Content/StarterContent/Props/SM_TableRound.ubulk" 1907
"C:/Users/Anais/Documents/Quetes/B3/Q2-DiabloLike/ArcaneNoir/Content/StarterContent/Props/SM_TableRound.uasset" 1908
"C:/Users/Anais/Documents/Quetes/B3/Q2-DiabloLike/ArcaneNoir/Content/StarterContent/Props/SM_TableRound.uexp" 1909
"C:/Users/Anais/Documents/Quetes/B3/Q2-DiabloLike/ArcaneNoir/Content/StarterContent/Textures/T_Fire_Tiled_D.ubulk" 1910
"C:/Users/Anais/Documents/Quetes/B3/Q2-DiabloLike/ArcaneNoir/Content/StarterContent/Textures/T_Fire_Tiled_D.uasset" 1911
"C:/Users/Anais/Documents/Quetes/B3/Q2-DiabloLike/ArcaneNoir/Content/StarterContent/Textures/T_Fire_Tiled_D.uexp" 1912
"C:/Users/Anais/Documents/Quetes/B3/Q2-DiabloLike/ArcaneNoir/Content/StarterContent/Textures/T_Fire_SubUV.ubulk" 1913
"C:/Users/Anais/Documents/Quetes/B3/Q2-DiabloLike/ArcaneNoir/Content/StarterContent/Textures/T_Fire_SubUV.uasset" 1914
"C:/Users/Anais/Documents/Quetes/B3/Q2-DiabloLike/ArcaneNoir/Content/StarterContent/Textures/T_Fire_SubUV.uexp" 1915
"C:/Users/Anais/Documents/Quetes/B3/Q2-DiabloLike/ArcaneNoir/Content/StarterContent/Particles/Materials/M_Fire_SubUV.uasset" 1916
"C:/Users/Anais/Documents/Quetes/B3/Q2-DiabloLike/ArcaneNoir/Content/StarterContent/Particles/Materials/M_Fire_SubUV.uexp" 1917
"C:/Users/Anais/Documents/Quetes/B3/Q2-DiabloLike/ArcaneNoir/Content/StarterContent/Particles/Materials/M_Heat_Distortion.uasset" 1918
"C:/Users/Anais/Documents/Quetes/B3/Q2-DiabloLike/ArcaneNoir/Content/StarterContent/Particles/Materials/M_Heat_Distortion.uexp" 1919
"C:/Users/Anais/Documents/Quetes/B3/Q2-DiabloLike/ArcaneNoir/Content/StarterContent/Particles/P_Fire.uasset" 1920
"C:/Users/Anais/Documents/Quetes/B3/Q2-DiabloLike/ArcaneNoir/Content/StarterContent/Particles/P_Fire.uexp" 1921
"C:/Users/Anais/Documents/Quetes/B3/Q2-DiabloLike/ArcaneNoir/Content/StarterContent/Audio/Fire01_Cue.uasset" 1922
"C:/Users/Anais/Documents/Quetes/B3/Q2-DiabloLike/ArcaneNoir/Content/StarterContent/Audio/Fire01_Cue.uexp" 1923
"C:/Users/Anais/Documents/Quetes/B3/Q2-DiabloLike/ArcaneNoir/Content/StarterContent/Blueprints/Blueprint_Effect_Fire.uasset" 1924
"C:/Users/Anais/Documents/Quetes/B3/Q2-DiabloLike/ArcaneNoir/Content/StarterContent/Blueprints/Blueprint_Effect_Fire.uexp" 1925
"C:/Users/Anais/Documents/Quetes/B3/Q2-DiabloLike/ArcaneNoir/Content/StarterContent/Textures/T_Wood_Oak_N.ubulk" 1926
"C:/Users/Anais/Documents/Quetes/B3/Q2-DiabloLike/ArcaneNoir/Content/StarterContent/Textures/T_Wood_Oak_N.uasset" 1927
"C:/Users/Anais/Documents/Quetes/B3/Q2-DiabloLike/ArcaneNoir/Content/StarterContent/Textures/T_Wood_Oak_N.uexp" 1928
"C:/Users/Anais/Documents/Quetes/B3/Q2-DiabloLike/ArcaneNoir/Content/StarterContent/Textures/T_Wood_Oak_D.ubulk" 1929
"C:/Users/Anais/Documents/Quetes/B3/Q2-DiabloLike/ArcaneNoir/Content/StarterContent/Textures/T_Wood_Oak_D.uasset" 1930
"C:/Users/Anais/Documents/Quetes/B3/Q2-DiabloLike/ArcaneNoir/Content/StarterContent/Textures/T_Wood_Oak_D.uexp" 1931
"C:/Users/Anais/Documents/Quetes/B3/Q2-DiabloLike/ArcaneNoir/Content/StarterContent/Materials/M_Wood_Oak.uasset" 1932
"C:/Users/Anais/Documents/Quetes/B3/Q2-DiabloLike/ArcaneNoir/Content/StarterContent/Materials/M_Wood_Oak.uexp" 1933
"C:/Users/Anais/Documents/Quetes/B3/Q2-DiabloLike/ArcaneNoir/Content/StarterContent/Architecture/Wall_Window_400x300.ubulk" 1934
"C:/Users/Anais/Documents/Quetes/B3/Q2-DiabloLike/ArcaneNoir/Content/StarterContent/Architecture/Wall_Window_400x300.uasset" 1935
"C:/Users/Anais/Documents/Quetes/B3/Q2-DiabloLike/ArcaneNoir/Content/StarterContent/Architecture/Wall_Window_400x300.uexp" 1936
"C:/Users/Anais/Documents/Quetes/B3/Q2-DiabloLike/ArcaneNoir/Content/StarterContent/Textures/T_Brick_Hewn_Stone_N.ubulk" 1937
"C:/Users/Anais/Documents/Quetes/B3/Q2-DiabloLike/ArcaneNoir/Content/StarterContent/Textures/T_Brick_Hewn_Stone_N.uasset" 1938
"C:/Users/Anais/Documents/Quetes/B3/Q2-DiabloLike/ArcaneNoir/Content/StarterContent/Textures/T_Brick_Hewn_Stone_N.uexp" 1939
"C:/Users/Anais/Documents/Quetes/B3/Q2-DiabloLike/ArcaneNoir/Content/StarterContent/Textures/T_Brick_Hewn_Stone_D.ubulk" 1940
"C:/Users/Anais/Documents/Quetes/B3/Q2-DiabloLike/ArcaneNoir/Content/StarterContent/Textures/T_Brick_Hewn_Stone_D.uasset" 1941
"C:/Users/Anais/Documents/Quetes/B3/Q2-DiabloLike/ArcaneNoir/Content/StarterContent/Textures/T_Brick_Hewn_Stone_D.uexp" 1942
"C:/Users/Anais/Documents/Quetes/B3/Q2-DiabloLike/ArcaneNoir/Content/StarterContent/Textures/T_Brick_Hewn_Stone_M.ubulk" 1943
"C:/Users/Anais/Documents/Quetes/B3/Q2-DiabloLike/ArcaneNoir/Content/StarterContent/Textures/T_Brick_Hewn_Stone_M.uasset" 1944
"C:/Users/Anais/Documents/Quetes/B3/Q2-DiabloLike/ArcaneNoir/Content/StarterContent/Textures/T_Brick_Hewn_Stone_M.uexp" 1945
"C:/Users/Anais/Documents/Quetes/B3/Q2-DiabloLike/ArcaneNoir/Content/StarterContent/Materials/M_Brick_Hewn_Stone.uasset" 1946
"C:/Users/Anais/Documents/Quetes/B3/Q2-DiabloLike/ArcaneNoir/Content/StarterContent/Materials/M_Brick_Hewn_Stone.uexp" 1947
"C:/Users/Anais/Documents/Quetes/B3/Q2-DiabloLike/ArcaneNoir/Content/StarterContent/Audio/Smoke01_Cue.uasset" 1948
"C:/Users/Anais/Documents/Quetes/B3/Q2-DiabloLike/ArcaneNoir/Content/StarterContent/Audio/Smoke01_Cue.uexp" 1949
"C:/Users/Anais/Documents/Quetes/B3/Q2-DiabloLike/ArcaneNoir/Content/StarterContent/Particles/P_Smoke.uasset" 1950
"C:/Users/Anais/Documents/Quetes/B3/Q2-DiabloLike/ArcaneNoir/Content/StarterContent/Particles/P_Smoke.uexp" 1951
"C:/Users/Anais/Documents/Quetes/B3/Q2-DiabloLike/ArcaneNoir/Content/StarterContent/Blueprints/Blueprint_Effect_Smoke.uasset" 1952
"C:/Users/Anais/Documents/Quetes/B3/Q2-DiabloLike/ArcaneNoir/Content/StarterContent/Blueprints/Blueprint_Effect_Smoke.uexp" 1953
"C:/Users/Anais/Documents/Quetes/B3/Q2-DiabloLike/ArcaneNoir/Content/StarterContent/Textures/T_CobbleStone_Rough_N.ubulk" 1954
"C:/Users/Anais/Documents/Quetes/B3/Q2-DiabloLike/ArcaneNoir/Content/StarterContent/Textures/T_CobbleStone_Rough_N.uasset" 1955
"C:/Users/Anais/Documents/Quetes/B3/Q2-DiabloLike/ArcaneNoir/Content/StarterContent/Textures/T_CobbleStone_Rough_N.uexp" 1956
"C:/Users/Anais/Documents/Quetes/B3/Q2-DiabloLike/ArcaneNoir/Content/StarterContent/Textures/T_CobbleStone_Rough_D.ubulk" 1957
"C:/Users/Anais/Documents/Quetes/B3/Q2-DiabloLike/ArcaneNoir/Content/StarterContent/Textures/T_CobbleStone_Rough_D.uasset" 1958
"C:/Users/Anais/Documents/Quetes/B3/Q2-DiabloLike/ArcaneNoir/Content/StarterContent/Textures/T_CobbleStone_Rough_D.uexp" 1959
"C:/Users/Anais/Documents/Quetes/B3/Q2-DiabloLike/ArcaneNoir/Content/StarterContent/Materials/M_CobbleStone_Rough.uasset" 1960
"C:/Users/Anais/Documents/Quetes/B3/Q2-DiabloLike/ArcaneNoir/Content/StarterContent/Materials/M_CobbleStone_Rough.uexp" 1961
"C:/Users/Anais/Documents/Quetes/B3/Q2-DiabloLike/ArcaneNoir/Content/StarterContent/Textures/T_Statue_M.ubulk" 1962
"C:/Users/Anais/Documents/Quetes/B3/Q2-DiabloLike/ArcaneNoir/Content/StarterContent/Textures/T_Statue_M.uasset" 1963
"C:/Users/Anais/Documents/Quetes/B3/Q2-DiabloLike/ArcaneNoir/Content/StarterContent/Textures/T_Statue_M.uexp" 1964
"C:/Users/Anais/Documents/Quetes/B3/Q2-DiabloLike/ArcaneNoir/Content/StarterContent/Textures/T_Statue_N.ubulk" 1965
"C:/Users/Anais/Documents/Quetes/B3/Q2-DiabloLike/ArcaneNoir/Content/StarterContent/Textures/T_Statue_N.uasset" 1966
"C:/Users/Anais/Documents/Quetes/B3/Q2-DiabloLike/ArcaneNoir/Content/StarterContent/Textures/T_Statue_N.uexp" 1967
"C:/Users/Anais/Documents/Quetes/B3/Q2-DiabloLike/ArcaneNoir/Content/StarterContent/Props/Materials/M_Statue.uasset" 1968
"C:/Users/Anais/Documents/Quetes/B3/Q2-DiabloLike/ArcaneNoir/Content/StarterContent/Props/Materials/M_Statue.uexp" 1969
"C:/Users/Anais/Documents/Quetes/B3/Q2-DiabloLike/ArcaneNoir/Content/StarterContent/Props/Materials/M_StatueGlass.uasset" 1970
"C:/Users/Anais/Documents/Quetes/B3/Q2-DiabloLike/ArcaneNoir/Content/StarterContent/Props/Materials/M_StatueGlass.uexp" 1971
"C:/Users/Anais/Documents/Quetes/B3/Q2-DiabloLike/ArcaneNoir/Content/StarterContent/Props/SM_Statue.ubulk" 1972
"C:/Users/Anais/Documents/Quetes/B3/Q2-DiabloLike/ArcaneNoir/Content/StarterContent/Props/SM_Statue.uasset" 1973
"C:/Users/Anais/Documents/Quetes/B3/Q2-DiabloLike/ArcaneNoir/Content/StarterContent/Props/SM_Statue.uexp" 1974
"C:/Users/Anais/Documents/Quetes/B3/Q2-DiabloLike/ArcaneNoir/Content/StarterContent/Textures/T_ground_Moss_D.ubulk" 1975
"C:/Users/Anais/Documents/Quetes/B3/Q2-DiabloLike/ArcaneNoir/Content/StarterContent/Textures/T_ground_Moss_D.uasset" 1976
"C:/Users/Anais/Documents/Quetes/B3/Q2-DiabloLike/ArcaneNoir/Content/StarterContent/Textures/T_ground_Moss_D.uexp" 1977
"C:/Users/Anais/Documents/Quetes/B3/Q2-DiabloLike/ArcaneNoir/Content/StarterContent/Textures/T_Ground_Moss_N.ubulk" 1978
"C:/Users/Anais/Documents/Quetes/B3/Q2-DiabloLike/ArcaneNoir/Content/StarterContent/Textures/T_Ground_Moss_N.uasset" 1979
"C:/Users/Anais/Documents/Quetes/B3/Q2-DiabloLike/ArcaneNoir/Content/StarterContent/Textures/T_Ground_Moss_N.uexp" 1980
"C:/Users/Anais/Documents/Quetes/B3/Q2-DiabloLike/ArcaneNoir/Content/StarterContent/Materials/M_Ground_Moss.uasset" 1981
"C:/Users/Anais/Documents/Quetes/B3/Q2-DiabloLike/ArcaneNoir/Content/StarterContent/Materials/M_Ground_Moss.uexp" 1982
"C:/Users/Anais/Documents/Quetes/B3/Q2-DiabloLike/ArcaneNoir/Content/StarterContent/Props/SM_PillarFrame300.ubulk" 1983
"C:/Users/Anais/Documents/Quetes/B3/Q2-DiabloLike/ArcaneNoir/Content/StarterContent/Props/SM_PillarFrame300.uasset" 1984
"C:/Users/Anais/Documents/Quetes/B3/Q2-DiabloLike/ArcaneNoir/Content/StarterContent/Props/SM_PillarFrame300.uexp" 1985
"C:/Users/Anais/Documents/Quetes/B3/Q2-DiabloLike/ArcaneNoir/Content/StarterContent/Materials/M_Metal_Chrome.uasset" 1986
"C:/Users/Anais/Documents/Quetes/B3/Q2-DiabloLike/ArcaneNoir/Content/StarterContent/Materials/M_Metal_Chrome.uexp" 1987
"C:/Users/Anais/Documents/Quetes/B3/Q2-DiabloLike/ArcaneNoir/Content/StarterContent/Textures/T_Metal_Gold_D.ubulk" 1988
"C:/Users/Anais/Documents/Quetes/B3/Q2-DiabloLike/ArcaneNoir/Content/StarterContent/Textures/T_Metal_Gold_D.uasset" 1989
"C:/Users/Anais/Documents/Quetes/B3/Q2-DiabloLike/ArcaneNoir/Content/StarterContent/Textures/T_Metal_Gold_D.uexp" 1990
"C:/Users/Anais/Documents/Quetes/B3/Q2-DiabloLike/ArcaneNoir/Content/StarterContent/Materials/M_Metal_Gold.uasset" 1991
"C:/Users/Anais/Documents/Quetes/B3/Q2-DiabloLike/ArcaneNoir/Content/StarterContent/Materials/M_Metal_Gold.uexp" 1992
"C:/Users/Anais/Documents/Quetes/B3/Q2-DiabloLike/ArcaneNoir/Content/StarterContent/Textures/T_Ground_Grass_D.ubulk" 1993
"C:/Users/Anais/Documents/Quetes/B3/Q2-DiabloLike/ArcaneNoir/Content/StarterContent/Textures/T_Ground_Grass_D.uasset" 1994
"C:/Users/Anais/Documents/Quetes/B3/Q2-DiabloLike/ArcaneNoir/Content/StarterContent/Textures/T_Ground_Grass_D.uexp" 1995
"C:/Users/Anais/Documents/Quetes/B3/Q2-DiabloLike/ArcaneNoir/Content/StarterContent/Textures/T_Ground_Grass_N.ubulk" 1996
"C:/Users/Anais/Documents/Quetes/B3/Q2-DiabloLike/ArcaneNoir/Content/StarterContent/Textures/T_Ground_Grass_N.uasset" 1997
"C:/Users/Anais/Documents/Quetes/B3/Q2-DiabloLike/ArcaneNoir/Content/StarterContent/Textures/T_Ground_Grass_N.uexp" 1998
"C:/Users/Anais/Documents/Quetes/B3/Q2-DiabloLike/ArcaneNoir/Content/StarterContent/Materials/M_Ground_Grass.uasset" 1999
"C:/Users/Anais/Documents/Quetes/B3/Q2-DiabloLike/ArcaneNoir/Content/StarterContent/Materials/M_Ground_Grass.uexp" 2000
"C:/Users/Anais/Documents/Quetes/B3/Q2-DiabloLike/ArcaneNoir/Content/StarterContent/Audio/Starter_Background_Cue.uasset" 2001
"C:/Users/Anais/Documents/Quetes/B3/Q2-DiabloLike/ArcaneNoir/Content/StarterContent/Audio/Starter_Background_Cue.uexp" 2002
"C:/Users/Anais/Documents/Quetes/B3/Q2-DiabloLike/ArcaneNoir/Content/StarterContent/Maps/StarterMap_BuiltData.ubulk" 2003
"C:/Users/Anais/Documents/Quetes/B3/Q2-DiabloLike/ArcaneNoir/Content/StarterContent/Maps/StarterMap_BuiltData.uasset" 2004
"C:/Users/Anais/Documents/Quetes/B3/Q2-DiabloLike/ArcaneNoir/Content/StarterContent/Maps/StarterMap_BuiltData.uexp" 2005
"C:/Users/Anais/Documents/Quetes/B3/Q2-DiabloLike/ArcaneNoir/Content/StarterContent/Props/SM_CornerFrame.ubulk" 2006
"C:/Users/Anais/Documents/Quetes/B3/Q2-DiabloLike/ArcaneNoir/Content/StarterContent/Props/SM_CornerFrame.uasset" 2007
"C:/Users/Anais/Documents/Quetes/B3/Q2-DiabloLike/ArcaneNoir/Content/StarterContent/Props/SM_CornerFrame.uexp" 2008
"C:/Users/Anais/Documents/Quetes/B3/Q2-DiabloLike/ArcaneNoir/Content/StarterContent/Shapes/Shape_Sphere.ubulk" 2009
"C:/Users/Anais/Documents/Quetes/B3/Q2-DiabloLike/ArcaneNoir/Content/StarterContent/Shapes/Shape_Sphere.uasset" 2010
"C:/Users/Anais/Documents/Quetes/B3/Q2-DiabloLike/ArcaneNoir/Content/StarterContent/Shapes/Shape_Sphere.uexp" 2011
"C:/Users/Anais/Documents/Quetes/B3/Q2-DiabloLike/ArcaneNoir/Content/StarterContent/Audio/Starter_Music_Cue.uasset" 2012
"C:/Users/Anais/Documents/Quetes/B3/Q2-DiabloLike/ArcaneNoir/Content/StarterContent/Audio/Starter_Music_Cue.uexp" 2013
"C:/Users/Anais/Documents/Quetes/B3/Q2-DiabloLike/ArcaneNoir/Content/StarterContent/Shapes/Shape_QuadPyramid.ubulk" 2014
"C:/Users/Anais/Documents/Quetes/B3/Q2-DiabloLike/ArcaneNoir/Content/StarterContent/Shapes/Shape_QuadPyramid.uasset" 2015
"C:/Users/Anais/Documents/Quetes/B3/Q2-DiabloLike/ArcaneNoir/Content/StarterContent/Shapes/Shape_QuadPyramid.uexp" 2016
"C:/Users/Anais/Documents/Quetes/B3/Q2-DiabloLike/ArcaneNoir/Content/StarterContent/Textures/T_Brick_Clay_New_D.ubulk" 2017
"C:/Users/Anais/Documents/Quetes/B3/Q2-DiabloLike/ArcaneNoir/Content/StarterContent/Textures/T_Brick_Clay_New_D.uasset" 2018
"C:/Users/Anais/Documents/Quetes/B3/Q2-DiabloLike/ArcaneNoir/Content/StarterContent/Textures/T_Brick_Clay_New_D.uexp" 2019
"C:/Users/Anais/Documents/Quetes/B3/Q2-DiabloLike/ArcaneNoir/Content/StarterContent/Textures/T_Brick_Clay_New_M.uasset" 2020
"C:/Users/Anais/Documents/Quetes/B3/Q2-DiabloLike/ArcaneNoir/Content/StarterContent/Textures/T_Brick_Clay_New_M.uexp" 2021
"C:/Users/Anais/Documents/Quetes/B3/Q2-DiabloLike/ArcaneNoir/Content/StarterContent/Textures/T_Brick_Clay_New_N.uasset" 2022
"C:/Users/Anais/Documents/Quetes/B3/Q2-DiabloLike/ArcaneNoir/Content/StarterContent/Textures/T_Brick_Clay_New_N.uexp" 2023
"C:/Users/Anais/Documents/Quetes/B3/Q2-DiabloLike/ArcaneNoir/Content/StarterContent/Materials/M_Brick_Clay_New.uasset" 2024
"C:/Users/Anais/Documents/Quetes/B3/Q2-DiabloLike/ArcaneNoir/Content/StarterContent/Materials/M_Brick_Clay_New.uexp" 2025
"C:/Users/Anais/Documents/Quetes/B3/Q2-DiabloLike/ArcaneNoir/Content/StarterContent/Textures/T_Metal_Aluminum_D.ubulk" 2026
"C:/Users/Anais/Documents/Quetes/B3/Q2-DiabloLike/ArcaneNoir/Content/StarterContent/Textures/T_Metal_Aluminum_D.uasset" 2027
"C:/Users/Anais/Documents/Quetes/B3/Q2-DiabloLike/ArcaneNoir/Content/StarterContent/Textures/T_Metal_Aluminum_D.uexp" 2028
"C:/Users/Anais/Documents/Quetes/B3/Q2-DiabloLike/ArcaneNoir/Content/StarterContent/Materials/M_Metal_Burnished_Steel.uasset" 2029
"C:/Users/Anais/Documents/Quetes/B3/Q2-DiabloLike/ArcaneNoir/Content/StarterContent/Materials/M_Metal_Burnished_Steel.uexp" 2030
"C:/Users/Anais/Documents/Quetes/B3/Q2-DiabloLike/ArcaneNoir/Content/StarterContent/Props/SM_Chair.ubulk" 2031
"C:/Users/Anais/Documents/Quetes/B3/Q2-DiabloLike/ArcaneNoir/Content/StarterContent/Props/SM_Chair.uasset" 2032
"C:/Users/Anais/Documents/Quetes/B3/Q2-DiabloLike/ArcaneNoir/Content/StarterContent/Props/SM_Chair.uexp" 2033
"C:/Users/Anais/Documents/Quetes/B3/Q2-DiabloLike/ArcaneNoir/Content/StarterContent/Textures/T_Concrete_Panels_D.ubulk" 2034
"C:/Users/Anais/Documents/Quetes/B3/Q2-DiabloLike/ArcaneNoir/Content/StarterContent/Textures/T_Concrete_Panels_D.uasset" 2035
"C:/Users/Anais/Documents/Quetes/B3/Q2-DiabloLike/ArcaneNoir/Content/StarterContent/Textures/T_Concrete_Panels_D.uexp" 2036
"C:/Users/Anais/Documents/Quetes/B3/Q2-DiabloLike/ArcaneNoir/Content/StarterContent/Textures/T_Concrete_Panels_N.ubulk" 2037
"C:/Users/Anais/Documents/Quetes/B3/Q2-DiabloLike/ArcaneNoir/Content/StarterContent/Textures/T_Concrete_Panels_N.uasset" 2038
"C:/Users/Anais/Documents/Quetes/B3/Q2-DiabloLike/ArcaneNoir/Content/StarterContent/Textures/T_Concrete_Panels_N.uexp" 2039
"C:/Users/Anais/Documents/Quetes/B3/Q2-DiabloLike/ArcaneNoir/Content/StarterContent/Materials/M_Concrete_Panels.uasset" 2040
"C:/Users/Anais/Documents/Quetes/B3/Q2-DiabloLike/ArcaneNoir/Content/StarterContent/Materials/M_Concrete_Panels.uexp" 2041
"C:/Users/Anais/Documents/Quetes/B3/Q2-DiabloLike/ArcaneNoir/Content/StarterContent/Maps/StarterMap.uexp" 2042
"C:/Users/Anais/Documents/Quetes/B3/Q2-DiabloLike/ArcaneNoir/Content/StarterContent/Maps/StarterMap.umap" 2043
"C:/Users/Anais/Documents/Quetes/B3/Q2-DiabloLike/ArcaneNoir/Content/StarterContent/Maps/Minimal_Default_BuiltData.ubulk" 2044
"C:/Users/Anais/Documents/Quetes/B3/Q2-DiabloLike/ArcaneNoir/Content/StarterContent/Maps/Minimal_Default_BuiltData.uasset" 2045
"C:/Users/Anais/Documents/Quetes/B3/Q2-DiabloLike/ArcaneNoir/Content/StarterContent/Maps/Minimal_Default_BuiltData.uexp" 2046
"C:/Users/Anais/Documents/Quetes/B3/Q2-DiabloLike/ArcaneNoir/Content/StarterContent/Maps/Minimal_Default.uexp" 2047
"C:/Users/Anais/Documents/Quetes/B3/Q2-DiabloLike/ArcaneNoir/Content/StarterContent/Maps/Minimal_Default.umap" 2048
"C:/Users/Anais/Documents/Quetes/B3/Q2-DiabloLike/ArcaneNoir/Content/StarterContent/Maps/Advanced_Lighting_BuiltData.ubulk" 2049
"C:/Users/Anais/Documents/Quetes/B3/Q2-DiabloLike/ArcaneNoir/Content/StarterContent/Maps/Advanced_Lighting_BuiltData.uasset" 2050
"C:/Users/Anais/Documents/Quetes/B3/Q2-DiabloLike/ArcaneNoir/Content/StarterContent/Maps/Advanced_Lighting_BuiltData.uexp" 2051
"C:/Users/Anais/Documents/Quetes/B3/Q2-DiabloLike/ArcaneNoir/Content/StarterContent/Materials/M_AssetPlatform.uasset" 2052
"C:/Users/Anais/Documents/Quetes/B3/Q2-DiabloLike/ArcaneNoir/Content/StarterContent/Materials/M_AssetPlatform.uexp" 2053
"C:/Users/Anais/Documents/Quetes/B3/Q2-DiabloLike/ArcaneNoir/Content/StarterContent/Architecture/SM_AssetPlatform.ubulk" 2054
"C:/Users/Anais/Documents/Quetes/B3/Q2-DiabloLike/ArcaneNoir/Content/StarterContent/Architecture/SM_AssetPlatform.uasset" 2055
"C:/Users/Anais/Documents/Quetes/B3/Q2-DiabloLike/ArcaneNoir/Content/StarterContent/Architecture/SM_AssetPlatform.uexp" 2056
"../../../Engine/Content/MapTemplates/Sky/DaylightAmbientCubemap.uasset" 2057
"../../../Engine/Content/MapTemplates/Sky/DaylightAmbientCubemap.uexp" 2058
"C:/Users/Anais/Documents/Quetes/B3/Q2-DiabloLike/ArcaneNoir/Content/StarterContent/Blueprints/Assets/M_LightStage_Skybox_Master.uasset" 2059
"C:/Users/Anais/Documents/Quetes/B3/Q2-DiabloLike/ArcaneNoir/Content/StarterContent/Blueprints/Assets/M_LightStage_Skybox_Master.uexp" 2060
"C:/Users/Anais/Documents/Quetes/B3/Q2-DiabloLike/ArcaneNoir/Content/StarterContent/Blueprints/Assets/M_LightStage_Skybox_HDRI.uasset" 2061
"C:/Users/Anais/Documents/Quetes/B3/Q2-DiabloLike/ArcaneNoir/Content/StarterContent/Blueprints/Assets/M_LightStage_Skybox_HDRI.uexp" 2062
"C:/Users/Anais/Documents/Quetes/B3/Q2-DiabloLike/ArcaneNoir/Content/StarterContent/HDRI/HDRI_Epic_Courtyard_Daylight.uasset" 2063
"C:/Users/Anais/Documents/Quetes/B3/Q2-DiabloLike/ArcaneNoir/Content/StarterContent/HDRI/HDRI_Epic_Courtyard_Daylight.uexp" 2064
"C:/Users/Anais/Documents/Quetes/B3/Q2-DiabloLike/ArcaneNoir/Content/StarterContent/Blueprints/Assets/SunlightColorLUT.uasset" 2065
"C:/Users/Anais/Documents/Quetes/B3/Q2-DiabloLike/ArcaneNoir/Content/StarterContent/Blueprints/Assets/SunlightColorLUT.uexp" 2066
"C:/Users/Anais/Documents/Quetes/B3/Q2-DiabloLike/ArcaneNoir/Content/StarterContent/Blueprints/Assets/M_LightStage_Skybox_Black.uasset" 2067
"C:/Users/Anais/Documents/Quetes/B3/Q2-DiabloLike/ArcaneNoir/Content/StarterContent/Blueprints/Assets/M_LightStage_Skybox_Black.uexp" 2068
"C:/Users/Anais/Documents/Quetes/B3/Q2-DiabloLike/ArcaneNoir/Content/StarterContent/Blueprints/Assets/FogBrightnessLUT.uasset" 2069
"C:/Users/Anais/Documents/Quetes/B3/Q2-DiabloLike/ArcaneNoir/Content/StarterContent/Blueprints/Assets/FogBrightnessLUT.uexp" 2070
"C:/Users/Anais/Documents/Quetes/B3/Q2-DiabloLike/ArcaneNoir/Content/StarterContent/Blueprints/Assets/SM_Arrows.ubulk" 2071
"C:/Users/Anais/Documents/Quetes/B3/Q2-DiabloLike/ArcaneNoir/Content/StarterContent/Blueprints/Assets/SM_Arrows.uasset" 2072
"C:/Users/Anais/Documents/Quetes/B3/Q2-DiabloLike/ArcaneNoir/Content/StarterContent/Blueprints/Assets/SM_Arrows.uexp" 2073
"C:/Users/Anais/Documents/Quetes/B3/Q2-DiabloLike/ArcaneNoir/Content/StarterContent/Blueprints/Assets/M_LightStage_Arrows.uasset" 2074
"C:/Users/Anais/Documents/Quetes/B3/Q2-DiabloLike/ArcaneNoir/Content/StarterContent/Blueprints/Assets/M_LightStage_Arrows.uexp" 2075
"../../../Engine/Content/ArtTools/RenderToTexture/MaterialFunctions/CheckerPattern.uasset" 2076
"../../../Engine/Content/ArtTools/RenderToTexture/MaterialFunctions/CheckerPattern.uexp" 2077
"../../../Engine/Content/Functions/Engine_MaterialFunctions02/ScreenResolution.uasset" 2078
"../../../Engine/Content/Functions/Engine_MaterialFunctions02/ScreenResolution.uexp" 2079
"../../../Engine/Content/Functions/Engine_MaterialFunctions02/Texturing/ScreenAlignedUVs.uasset" 2080
"../../../Engine/Content/Functions/Engine_MaterialFunctions02/Texturing/ScreenAlignedUVs.uexp" 2081
"../../../Engine/Content/EditorMaterials/Thumbnails/SkySphereMaterial.uasset" 2082
"../../../Engine/Content/EditorMaterials/Thumbnails/SkySphereMaterial.uexp" 2083
"C:/Users/Anais/Documents/Quetes/B3/Q2-DiabloLike/ArcaneNoir/Content/StarterContent/Blueprints/Assets/Skybox.ubulk" 2084
"C:/Users/Anais/Documents/Quetes/B3/Q2-DiabloLike/ArcaneNoir/Content/StarterContent/Blueprints/Assets/Skybox.uasset" 2085
"C:/Users/Anais/Documents/Quetes/B3/Q2-DiabloLike/ArcaneNoir/Content/StarterContent/Blueprints/Assets/Skybox.uexp" 2086
"C:/Users/Anais/Documents/Quetes/B3/Q2-DiabloLike/ArcaneNoir/Content/StarterContent/Blueprints/BP_LightStudio.uasset" 2087
"C:/Users/Anais/Documents/Quetes/B3/Q2-DiabloLike/ArcaneNoir/Content/StarterContent/Blueprints/BP_LightStudio.uexp" 2088
"../../../Engine/Content/EditorMeshes/ColorCalibrator/M_GreyBall.uasset" 2089
"../../../Engine/Content/EditorMeshes/ColorCalibrator/M_GreyBall.uexp" 2090
"../../../Engine/Content/EditorMeshes/ColorCalibrator/M_ClearCoat.uasset" 2091
"../../../Engine/Content/EditorMeshes/ColorCalibrator/M_ClearCoat.uexp" 2092
"../../../Engine/Content/EditorMeshes/ColorCalibrator/M_ChromeBall.uasset" 2093
"../../../Engine/Content/EditorMeshes/ColorCalibrator/M_ChromeBall.uexp" 2094
"../../../Engine/Content/EditorMeshes/ColorCalibrator/M_ClearCoatBlack.uasset" 2095
"../../../Engine/Content/EditorMeshes/ColorCalibrator/M_ClearCoatBlack.uexp" 2096
"../../../Engine/Content/EditorMeshes/ColorCalibrator/Color_checker.ubulk" 2097
"../../../Engine/Content/EditorMeshes/ColorCalibrator/Color_checker.uasset" 2098
"../../../Engine/Content/EditorMeshes/ColorCalibrator/Color_checker.uexp" 2099
"../../../Engine/Content/EditorMeshes/ColorCalibrator/M_ColorGrid.uasset" 2100
"../../../Engine/Content/EditorMeshes/ColorCalibrator/M_ColorGrid.uexp" 2101
"../../../Engine/Content/EditorMeshes/ColorCalibrator/SM_ColorCalibrator.ubulk" 2102
"../../../Engine/Content/EditorMeshes/ColorCalibrator/SM_ColorCalibrator.uasset" 2103
"../../../Engine/Content/EditorMeshes/ColorCalibrator/SM_ColorCalibrator.uexp" 2104
"C:/Users/Anais/Documents/Quetes/B3/Q2-DiabloLike/ArcaneNoir/Content/StarterContent/Maps/Advanced_Lighting.uexp" 2105
"C:/Users/Anais/Documents/Quetes/B3/Q2-DiabloLike/ArcaneNoir/Content/StarterContent/Maps/Advanced_Lighting.umap" 2106
"C:/Users/Anais/Documents/Quetes/B3/Q2-DiabloLike/ArcaneNoir/Content/Game/Maps/TopDownMap.uexp" 2107
"C:/Users/Anais/Documents/Quetes/B3/Q2-DiabloLike/ArcaneNoir/Content/Game/Maps/TopDownMap.umap" 2108
